game_index,winner,rounds_played,final_momentum,winner_joker_ids,winner_joker_types,p1_joker_ids,p2_joker_ids,winner_most_used_hand,winner_hand_frequency,p1_hand_frequency,p2_hand_frequency,round_winners
0,AI-2,8,-13127,"[46, 3, 45, 38, 21, 47]","[""Copycat"", ""Abstract"", ""Smear"", ""Family"", ""Scrappy"", ""Copycat""]","[31, 44, 30, 43, 22]","[46, 3, 45, 38, 21, 47]",TWO_PAIR,"{""FLUSH"": 6, ""FOUR_OF_A_KIND"": 1, ""FULL_HOUSE"": 1, ""HIGH_CARD"": 1, ""PAIR"": 2, ""STRAIGHT"": 5, ""THREE_OF_A_KIND"": 2, ""TWO_PAIR"": 6}","{""FLUSH"": 13, ""FOUR_OF_A_KIND"": 1, ""FULL_HOUSE"": 1, ""PAIR"": 4, ""STRAIGHT"": 1, ""STRAIGHT_FLUSH"": 3, ""THREE_OF_A_KIND"": 1}","{""FLUSH"": 6, ""FOUR_OF_A_KIND"": 1, ""FULL_HOUSE"": 1, ""HIGH_CARD"": 1, ""PAIR"": 2, ""STRAIGHT"": 5, ""THREE_OF_A_KIND"": 2, ""TWO_PAIR"": 6}","[""AI-2"", ""AI-2"", ""AI-2"", ""AI-2"", ""AI-2"", ""AI-2"", ""AI-2"", ""AI-2""]"
1,AI-1,7,17250,"[46, 16, 38, 21, 3, 2, 41]","[""Copycat"", ""The Protector"", ""Family"", ""Scrappy"", ""Abstract"", ""Abstract"", ""Rainbow""]","[46, 16, 38, 21, 3, 2, 41]","[22, 35, 19, 31, 28]",PAIR,"{""FLUSH"": 1, ""FULL_HOUSE"": 2, ""PAIR"": 12, ""STRAIGHT"": 2, ""THREE_OF_A_KIND"": 1, ""TWO_PAIR"": 3}","{""FLUSH"": 1, ""FULL_HOUSE"": 2, ""PAIR"": 12, ""STRAIGHT"": 2, ""THREE_OF_A_KIND"": 1, ""TWO_PAIR"": 3}","{""FLUSH"": 6, ""FULL_HOUSE"": 1, ""PAIR"": 5, ""STRAIGHT"": 1, ""THREE_OF_A_KIND"": 2, ""TWO_PAIR"": 6}","[""AI-2"", ""AI-2"", ""AI-1"", ""AI-1"", ""AI-1"", ""AI-1"", ""AI-1""]"
2,AI-1,6,18750,"[32, 38, 41]","[""Shortcut"", ""Family"", ""Rainbow""]","[32, 38, 41]","[39, 22, 25, 35, 17]",TWO_PAIR,"{""FLUSH"": 2, ""FOUR_OF_A_KIND"": 1, ""HIGH_CARD"": 2, ""PAIR"": 4, ""STRAIGHT"": 3, ""TWO_PAIR"": 6}","{""FLUSH"": 2, ""FOUR_OF_A_KIND"": 1, ""HIGH_CARD"": 2, ""PAIR"": 4, ""STRAIGHT"": 3, ""TWO_PAIR"": 6}","{""FLUSH"": 3, ""FULL_HOUSE"": 2, ""HIGH_CARD"": 3, ""PAIR"": 6, ""STRAIGHT"": 1, ""THREE_OF_A_KIND"": 2, ""TWO_PAIR"": 1}","[""AI-2"", ""AI-2"", ""AI-1"", ""AI-2"", ""AI-1"", ""AI-1""]"
3,AI-2,17,-20418,"[10, 6, 22, 37, 34, 43, 24, 39, 40, 36, 23, 38, 40]","[""The Duo"", ""Odd Todd"", ""Straitjacket"", ""The Order"", ""The Tribe"", ""Uniform"", ""Copyright"", ""Family"", ""Rainbow"", ""The Order"", ""Straitjacket"", ""Family"", ""Rainbow""]","[46, 45, 32, 14, 11, 35, 26, 21]","[10, 6, 22, 37, 34, 43, 24, 39, 40, 36, 23, 38, 40]",TWO_PAIR,"{""FLUSH"": 7, ""FOUR_OF_A_KIND"": 1, ""FULL_HOUSE"": 3, ""PAIR"": 7, ""STRAIGHT"": 3, ""THREE_OF_A_KIND"": 4, ""TWO_PAIR"": 26}","{""FLUSH"": 15, ""FOUR_OF_A_KIND"": 1, ""FULL_HOUSE"": 1, ""HIGH_CARD"": 1, ""PAIR"": 17, ""STRAIGHT"": 8, ""STRAIGHT_FLUSH"": 1, ""THREE_OF_A_KIND"": 1, ""TWO_PAIR"": 6}","{""FLUSH"": 7, ""FOUR_OF_A_KIND"": 1, ""FULL_HOUSE"": 3, ""PAIR"": 7, ""STRAIGHT"": 3, ""THREE_OF_A_KIND"": 4, ""TWO_PAIR"": 26}","[""AI-1"", ""AI-1"", ""AI-2"", ""AI-2"", ""AI-2"", ""AI-2"", ""AI-2"", ""AI-2"", ""AI-2"", ""AI-2"", ""AI-2"", ""AI-2"", ""AI-2"", ""AI-2"", ""AI-2"", ""AI-2"", ""AI-2""]"
4,AI-2,12,-10946,"[17, 43, 11, 40, 2, 37]","[""The Protector"", ""Uniform"", ""The Duo"", ""Rainbow"", ""Abstract"", ""The Order""]","[20, 18, 38, 23, 30, 28, 34, 31, 36]","[17, 43, 11, 40, 2, 37]",PAIR,"{""FLUSH"": 4, ""FULL_HOUSE"": 3, ""HIGH_CARD"": 1, ""PAIR"": 18, ""STRAIGHT"": 6, ""STRAIGHT_FLUSH"": 1, ""TWO_PAIR"": 3}","{""FLUSH"": 17, ""FULL_HOUSE"": 5, ""PAIR"": 2, ""STRAIGHT"": 4, ""TWO_PAIR"": 8}","{""FLUSH"": 4, ""FULL_HOUSE"": 3, ""HIGH_CARD"": 1, ""PAIR"": 18, ""STRAIGHT"": 6, ""STRAIGHT_FLUSH"": 1, ""TWO_PAIR"": 3}","[""AI-1"", ""AI-1"", ""AI-2"", ""AI-2"", ""AI-2"", ""AI-2"", ""AI-2"", ""AI-2"", ""AI-2"", ""AI-2"", ""AI-2"", ""AI-2""]"
5,AI-1,9,13092,"[43, 41, 44, 13, 45, 47, 25, 40, 3, 32]","[""Uniform"", ""Rainbow"", ""Smear"", ""The Greedy"", ""Smear"", ""Copycat"", ""Copyright"", ""Rainbow"", ""Abstract"", ""Shortcut""]","[43, 41, 44, 13, 45, 47, 25, 40, 3, 32]","[37, 19, 2, 34, 42]",FLUSH,"{""FLUSH"": 10, ""FOUR_OF_A_KIND"": 1, ""PAIR"": 2, ""STRAIGHT"": 2, ""STRAIGHT_FLUSH"": 1, ""THREE_OF_A_KIND"": 2, ""TWO_PAIR"": 9}","{""FLUSH"": 10, ""FOUR_OF_A_KIND"": 1, ""PAIR"": 2, ""STRAIGHT"": 2, ""STRAIGHT_FLUSH"": 1, ""THREE_OF_A_KIND"": 2, ""TWO_PAIR"": 9}","{""FLUSH"": 2, ""FOUR_OF_A_KIND"": 2, ""FULL_HOUSE"": 5, ""HIGH_CARD"": 1, ""PAIR"": 9, ""STRAIGHT"": 5, ""THREE_OF_A_KIND"": 2, ""TWO_PAIR"": 1}","[""AI-1"", ""AI-2"", ""AI-2"", ""AI-1"", ""AI-1"", ""AI-2"", ""AI-1"", ""AI-1"", ""AI-1""]"
6,AI-1,4,19763,"[36, 4, 38, 40]","[""The Order"", ""Even Steven"", ""Family"", ""Rainbow""]","[36, 4, 38, 40]","[20, 47, 44, 34]",TWO_PAIR,"{""FLUSH"": 1, ""FOUR_OF_A_KIND"": 1, ""FULL_HOUSE"": 3, ""PAIR"": 2, ""STRAIGHT"": 1, ""TWO_PAIR"": 4}","{""FLUSH"": 1, ""FOUR_OF_A_KIND"": 1, ""FULL_HOUSE"": 3, ""PAIR"": 2, ""STRAIGHT"": 1, ""TWO_PAIR"": 4}","{""FLUSH"": 5, ""FULL_HOUSE"": 3, ""STRAIGHT"": 1, ""TWO_PAIR"": 3}","[""AI-2"", ""AI-1"", ""AI-1"", ""AI-1""]"
7,AI-1,10,11592,"[16, 24, 30, 2, 41, 23, 46]","[""The Protector"", ""Copyright"", ""Four Fingers"", ""Abstract"", ""Rainbow"", ""Straitjacket"", ""Copycat""]","[16, 24, 30, 2, 41, 23, 46]","[20, 38, 19, 21, 34]",PAIR,"{""FLUSH"": 3, ""FULL_HOUSE"": 5, ""PAIR"": 13, ""STRAIGHT"": 3, ""STRAIGHT_FLUSH"": 1, ""THREE_OF_A_KIND"": 5}","{""FLUSH"": 3, ""FULL_HOUSE"": 5, ""PAIR"": 13, ""STRAIGHT"": 3, ""STRAIGHT_FLUSH"": 1, ""THREE_OF_A_KIND"": 5}","{""FLUSH"": 3, ""FULL_HOUSE"": 11, ""HIGH_CARD"": 3, ""PAIR"": 1, ""STRAIGHT"": 5, ""THREE_OF_A_KIND"": 1, ""TWO_PAIR"": 6}","[""AI-2"", ""AI-1"", ""AI-1"", ""AI-2"", ""AI-1"", ""AI-1"", ""AI-1"", ""AI-1"", ""AI-1"", ""AI-1""]"
8,AI-2,18,-15386,"[33, 28, 2, 11, 41, 16, 39]","[""Shortcut"", ""Trade Insider"", ""Abstract"", ""The Duo"", ""Rainbow"", ""The Protector"", ""Family""]","[19, 37, 25, 15, 46, 29, 35]","[33, 28, 2, 11, 41, 16, 39]",PAIR,"{""FLUSH"": 2, ""FULL_HOUSE"": 5, ""HIGH_CARD"": 2, ""PAIR"": 25, ""STRAIGHT"": 13, ""TWO_PAIR"": 7}","{""FLUSH"": 3, ""FOUR_OF_A_KIND"": 1, ""FULL_HOUSE"": 6, ""HIGH_CARD"": 2, ""PAIR"": 21, ""STRAIGHT"": 9, ""THREE_OF_A_KIND"": 1, ""TWO_PAIR"": 11}","{""FLUSH"": 2, ""FULL_HOUSE"": 5, ""HIGH_CARD"": 2, ""PAIR"": 25, ""STRAIGHT"": 13, ""TWO_PAIR"": 7}","[""AI-1"", ""AI-1"", ""AI-2"", ""AI-2"", ""AI-2"", ""AI-2"", ""AI-2"", ""AI-2"", ""AI-2"", ""AI-2"", ""AI-2"", ""AI-2"", ""AI-2"", ""AI-2"", ""AI-2"", ""AI-2"", ""AI-2"", ""AI-2""]"
9,AI-2,3,-14594,"[39, 45, 38]","[""Family"", ""Smear"", ""Family""]","[35, 12]","[39, 45, 38]",FLUSH,"{""FLUSH"": 3, ""FOUR_OF_A_KIND"": 1, ""FULL_HOUSE"": 2, ""PAIR"": 2, ""TWO_PAIR"": 1}","{""PAIR"": 1, ""STRAIGHT"": 1, ""THREE_OF_A_KIND"": 1, ""TWO_PAIR"": 6}","{""FLUSH"": 3, ""FOUR_OF_A_KIND"": 1, ""FULL_HOUSE"": 2, ""PAIR"": 2, ""TWO_PAIR"": 1}","[""AI-2"", ""AI-2"", ""AI-2""]"
10,AI-2,18,-11942,"[42, 30, 14, 25, 35, 2, 38, 40]","[""Uniform"", ""Four Fingers"", ""The Lover"", ""Copyright"", ""The Tribe"", ""Abstract"", ""Family"", ""Rainbow""]","[24, 31, 34, 36, 23]","[42, 30, 14, 25, 35, 2, 38, 40]",FLUSH,"{""FLUSH"": 30, ""FOUR_OF_A_KIND"": 1, ""FULL_HOUSE"": 3, ""HIGH_CARD"": 11, ""PAIR"": 1, ""STRAIGHT"": 5, ""STRAIGHT_FLUSH"": 2, ""TWO_PAIR"": 1}","{""FLUSH"": 22, ""FOUR_OF_A_KIND"": 1, ""FULL_HOUSE"": 5, ""PAIR"": 9, ""STRAIGHT"": 4, ""STRAIGHT_FLUSH"": 2, ""THREE_OF_A_KIND"": 3, ""TWO_PAIR"": 8}","{""FLUSH"": 30, ""FOUR_OF_A_KIND"": 1, ""FULL_HOUSE"": 3, ""HIGH_CARD"": 11, ""PAIR"": 1, ""STRAIGHT"": 5, ""STRAIGHT_FLUSH"": 2, ""TWO_PAIR"": 1}","[""AI-1"", ""AI-1"", ""AI-2"", ""AI-2"", ""AI-2"", ""AI-2"", ""AI-2"", ""AI-2"", ""AI-2"", ""AI-2"", ""AI-2"", ""AI-2"", ""AI-2"", ""AI-2"", ""AI-2"", ""AI-2"", ""AI-2"", ""AI-2""]"
11,AI-2,6,-10183,"[6, 22, 11, 44, 40]","[""Odd Todd"", ""Straitjacket"", ""The Duo"", ""Smear"", ""Rainbow""]","[38, 29, 25, 24, 37]","[6, 22, 11, 44, 40]",PAIR,"{""FLUSH"": 2, ""PAIR"": 10, ""STRAIGHT"": 1, ""TWO_PAIR"": 5}","{""FLUSH"": 1, ""FULL_HOUSE"": 3, ""PAIR"": 5, ""STRAIGHT"": 1, ""THREE_OF_A_KIND"": 2, ""TWO_PAIR"": 6}","{""FLUSH"": 2, ""PAIR"": 10, ""STRAIGHT"": 1, ""TWO_PAIR"": 5}","[""AI-1"", ""AI-2"", ""AI-2"", ""AI-2"", ""AI-2"", ""AI-2""]"
12,AI-2,9,-11197,"[44, 19, 42, 13, 47, 37, 3, 41]","[""Smear"", ""The Chairman"", ""Uniform"", ""The Greedy"", ""Copycat"", ""The Order"", ""Abstract"", ""Rainbow""]","[17, 29, 22, 30, 45, 38]","[44, 19, 42, 13, 47, 37, 3, 41]",FLUSH,"{""FLUSH"": 12, ""FULL_HOUSE"": 6, ""HIGH_CARD"": 1, ""PAIR"": 3, ""STRAIGHT"": 1, ""TWO_PAIR"": 4}","{""FLUSH"": 5, ""FULL_HOUSE"": 9, ""PAIR"": 1, ""STRAIGHT"": 4, ""STRAIGHT_FLUSH"": 3, ""THREE_OF_A_KIND"": 1, ""TWO_PAIR"": 4}","{""FLUSH"": 12, ""FULL_HOUSE"": 6, ""HIGH_CARD"": 1, ""PAIR"": 3, ""STRAIGHT"": 1, ""TWO_PAIR"": 4}","[""AI-2"", ""AI-1"", ""AI-2"", ""AI-2"", ""AI-2"", ""AI-2"", ""AI-2"", ""AI-2"", ""AI-2""]"
13,AI-1,7,25478,"[23, 20, 40, 36, 38]","[""Straitjacket"", ""Scrappy"", ""Rainbow"", ""The Order"", ""Family""]","[23, 20, 40, 36, 38]","[3, 25, 29, 47, 2]",TWO_PAIR,"{""FLUSH"": 3, ""FOUR_OF_A_KIND"": 1, ""FULL_HOUSE"": 5, ""HIGH_CARD"": 1, ""STRAIGHT"": 3, ""THREE_OF_A_KIND"": 3, ""TWO_PAIR"": 5}","{""FLUSH"": 3, ""FOUR_OF_A_KIND"": 1, ""FULL_HOUSE"": 5, ""HIGH_CARD"": 1, ""STRAIGHT"": 3, ""THREE_OF_A_KIND"": 3, ""TWO_PAIR"": 5}","{""FLUSH"": 2, ""FULL_HOUSE"": 3, ""PAIR"": 11, ""STRAIGHT"": 1, ""THREE_OF_A_KIND"": 2, ""TWO_PAIR"": 2}","[""AI-1"", ""AI-1"", ""AI-1"", ""AI-1"", ""AI-1"", ""AI-1"", ""AI-1""]"
14,AI-2,12,-16316,"[22, 31, 10, 41, 20, 43, 33, 38, 3]","[""Straitjacket"", ""Four Fingers"", ""The Duo"", ""Rainbow"", ""Scrappy"", ""Uniform"", ""Shortcut"", ""Family"", ""Abstract""]","[11, 13, 34, 46, 14, 37, 21, 36, 47, 19, 23, 45]","[22, 31, 10, 41, 20, 43, 33, 38, 3]",FLUSH,"{""FLUSH"": 12, ""FULL_HOUSE"": 4, ""PAIR"": 3, ""STRAIGHT"": 3, ""STRAIGHT_FLUSH"": 5, ""THREE_OF_A_KIND"": 4, ""TWO_PAIR"": 5}","{""FLUSH"": 7, ""FULL_HOUSE"": 7, ""HIGH_CARD"": 2, ""PAIR"": 12, ""STRAIGHT"": 3, ""THREE_OF_A_KIND"": 1, ""TWO_PAIR"": 4}","{""FLUSH"": 12, ""FULL_HOUSE"": 4, ""PAIR"": 3, ""STRAIGHT"": 3, ""STRAIGHT_FLUSH"": 5, ""THREE_OF_A_KIND"": 4, ""TWO_PAIR"": 5}","[""AI-2"", ""AI-2"", ""AI-2"", ""AI-2"", ""AI-1"", ""AI-1"", ""AI-2"", ""AI-1"", ""AI-2"", ""AI-1"", ""AI-2"", ""AI-2""]"
15,AI-1,12,24881,"[11, 22, 3, 36, 25, 43, 32, 44, 28, 40]","[""The Duo"", ""Straitjacket"", ""Abstract"", ""The Order"", ""Copyright"", ""Uniform"", ""Shortcut"", ""Smear"", ""Trade Insider"", ""Rainbow""]","[11, 22, 3, 36, 25, 43, 32, 44, 28, 40]","[24, 18, 38, 41, 45, 34, 33]",TWO_PAIR,"{""FLUSH"": 5, ""FOUR_OF_A_KIND"": 1, ""FULL_HOUSE"": 2, ""PAIR"": 5, ""STRAIGHT"": 9, ""STRAIGHT_FLUSH"": 1, ""THREE_OF_A_KIND"": 3, ""TWO_PAIR"": 10}","{""FLUSH"": 5, ""FOUR_OF_A_KIND"": 1, ""FULL_HOUSE"": 2, ""PAIR"": 5, ""STRAIGHT"": 9, ""STRAIGHT_FLUSH"": 1, ""THREE_OF_A_KIND"": 3, ""TWO_PAIR"": 10}","{""FLUSH"": 9, ""FULL_HOUSE"": 4, ""HIGH_CARD"": 2, ""PAIR"": 9, ""STRAIGHT"": 4, ""THREE_OF_A_KIND"": 4, ""TWO_PAIR"": 4}","[""AI-2"", ""AI-1"", ""AI-2"", ""AI-2"", ""AI-2"", ""AI-2"", ""AI-1"", ""AI-1"", ""AI-2"", ""AI-1"", ""AI-1"", ""AI-1""]"
16,AI-1,11,15741,"[44, 14, 31, 19, 20, 32, 17, 39, 2, 41]","[""Smear"", ""The Lover"", ""Four Fingers"", ""The Chairman"", ""Scrappy"", ""Shortcut"", ""The Protector"", ""Family"", ""Abstract"", ""Rainbow""]","[44, 14, 31, 19, 20, 32, 17, 39, 2, 41]","[22, 38, 25, 35, 45, 3, 33, 10, 37]",STRAIGHT,"{""FLUSH"": 8, ""PAIR"": 6, ""STRAIGHT"": 9, ""STRAIGHT_FLUSH"": 4, ""THREE_OF_A_KIND"": 2, ""TWO_PAIR"": 4}","{""FLUSH"": 8, ""PAIR"": 6, ""STRAIGHT"": 9, ""STRAIGHT_FLUSH"": 4, ""THREE_OF_A_KIND"": 2, ""TWO_PAIR"": 4}","{""FLUSH"": 14, ""FULL_HOUSE"": 4, ""HIGH_CARD"": 1, ""PAIR"": 3, ""STRAIGHT"": 2, ""STRAIGHT_FLUSH"": 2, ""THREE_OF_A_KIND"": 1, ""TWO_PAIR"": 6}","[""AI-2"", ""AI-2"", ""AI-1"", ""AI-2"", ""AI-2"", ""AI-1"", ""AI-2"", ""AI-1"", ""AI-1"", ""AI-1"", ""AI-1""]"
17,AI-1,8,10242,"[42, 35, 31, 40, 45, 2]","[""Uniform"", ""The Tribe"", ""Four Fingers"", ""Rainbow"", ""Smear"", ""Abstract""]","[42, 35, 31, 40, 45, 2]","[19, 28, 38, 21, 46]",FLUSH,"{""FLUSH"": 15, ""HIGH_CARD"": 2, ""PAIR"": 3, ""STRAIGHT"": 2, ""STRAIGHT_FLUSH"": 2}","{""FLUSH"": 15, ""HIGH_CARD"": 2, ""PAIR"": 3, ""STRAIGHT"": 2, ""STRAIGHT_FLUSH"": 2}","{""FLUSH"": 2, ""FULL_HOUSE"": 7, ""PAIR"": 5, ""STRAIGHT"": 2, ""THREE_OF_A_KIND"": 1, ""TWO_PAIR"": 7}","[""AI-1"", ""AI-1"", ""AI-2"", ""AI-1"", ""AI-1"", ""AI-1"", ""AI-1"", ""AI-1""]"
18,AI-1,11,13758,"[47, 10, 12, 2, 28, 34, 30, 36]","[""Copycat"", ""The Duo"", ""The Greedy"", ""Abstract"", ""Trade Insider"", ""The Tribe"", ""Four Fingers"", ""The Order""]","[47, 10, 12, 2, 28, 34, 30, 36]","[11, 38, 20, 32, 45, 31, 44, 39, 24, 46, 17]",PAIR,"{""FLUSH"": 5, ""PAIR"": 16, ""STRAIGHT"": 6, ""THREE_OF_A_KIND"": 2, ""TWO_PAIR"": 4}","{""FLUSH"": 5, ""PAIR"": 16, ""STRAIGHT"": 6, ""THREE_OF_A_KIND"": 2, ""TWO_PAIR"": 4}","{""FLUSH"": 8, ""FULL_HOUSE"": 4, ""PAIR"": 2, ""STRAIGHT"": 11, ""STRAIGHT_FLUSH"": 3, ""TWO_PAIR"": 5}","[""AI-2"", ""AI-2"", ""AI-1"", ""AI-1"", ""AI-2"", ""AI-2"", ""AI-1"", ""AI-1"", ""AI-1"", ""AI-1"", ""AI-1""]"
19,AI-1,8,15874,"[38, 32, 44, 20, 40]","[""Family"", ""Shortcut"", ""Smear"", ""Scrappy"", ""Rainbow""]","[38, 32, 44, 20, 40]","[15, 24, 37, 42, 30, 46, 39, 43]",STRAIGHT,"{""FLUSH"": 2, ""FOUR_OF_A_KIND"": 2, ""FULL_HOUSE"": 3, ""PAIR"": 6, ""STRAIGHT"": 8, ""THREE_OF_A_KIND"": 1, ""TWO_PAIR"": 2}","{""FLUSH"": 2, ""FOUR_OF_A_KIND"": 2, ""FULL_HOUSE"": 3, ""PAIR"": 6, ""STRAIGHT"": 8, ""THREE_OF_A_KIND"": 1, ""TWO_PAIR"": 2}","{""FLUSH"": 8, ""FULL_HOUSE"": 4, ""HIGH_CARD"": 1, ""PAIR"": 6, ""STRAIGHT"": 3, ""STRAIGHT_FLUSH"": 1, ""THREE_OF_A_KIND"": 1}","[""AI-1"", ""AI-1"", ""AI-2"", ""AI-1"", ""AI-1"", ""AI-1"", ""AI-1"", ""AI-1""]"
20,AI-1,12,19244,"[21, 19, 11, 15, 43, 2, 47, 23, 34, 41, 36]","[""Scrappy"", ""The Chairman"", ""The Duo"", ""The Lover"", ""Uniform"", ""Abstract"", ""Copycat"", ""Straitjacket"", ""The Tribe"", ""Rainbow"", ""The Order""]","[21, 19, 11, 15, 43, 2, 47, 23, 34, 41, 36]","[44, 37, 33, 38, 30, 35]",TWO_PAIR,"{""FLUSH"": 7, ""FULL_HOUSE"": 8, ""PAIR"": 5, ""TWO_PAIR"": 16}","{""FLUSH"": 7, ""FULL_HOUSE"": 8, ""PAIR"": 5, ""TWO_PAIR"": 16}","{""FLUSH"": 14, ""FULL_HOUSE"": 6, ""HIGH_CARD"": 1, ""PAIR"": 4, ""STRAIGHT"": 7, ""STRAIGHT_FLUSH"": 3, ""TWO_PAIR"": 1}","[""AI-1"", ""AI-1"", ""AI-2"", ""AI-2"", ""AI-2"", ""AI-1"", ""AI-1"", ""AI-1"", ""AI-1"", ""AI-1"", ""AI-1"", ""AI-1""]"
21,AI-1,7,11202,"[2, 37, 16, 27, 44, 26, 41, 33]","[""Abstract"", ""The Order"", ""The Protector"", ""Tax Man"", ""Smear"", ""Tax Man"", ""Rainbow"", ""Shortcut""]","[2, 37, 16, 27, 44, 26, 41, 33]","[23, 24, 30, 7, 45, 22, 31, 14]",TWO_PAIR,"{""FULL_HOUSE"": 2, ""HIGH_CARD"": 3, ""PAIR"": 1, ""STRAIGHT"": 2, ""THREE_OF_A_KIND"": 3, ""TWO_PAIR"": 10}","{""FULL_HOUSE"": 2, ""HIGH_CARD"": 3, ""PAIR"": 1, ""STRAIGHT"": 2, ""THREE_OF_A_KIND"": 3, ""TWO_PAIR"": 10}","{""FLUSH"": 12, ""PAIR"": 3, ""STRAIGHT"": 1, ""THREE_OF_A_KIND"": 1, ""TWO_PAIR"": 4}","[""AI-2"", ""AI-1"", ""AI-1"", ""AI-2"", ""AI-2"", ""AI-1"", ""AI-1""]"
22,AI-1,13,16848,"[14, 27, 41, 31, 22, 36, 10, 46, 33, 23]","[""The Lover"", ""Tax Man"", ""Rainbow"", ""Four Fingers"", ""Straitjacket"", ""The Order"", ""The Duo"", ""Copycat"", ""Shortcut"", ""Straitjacket""]","[14, 27, 41, 31, 22, 36, 10, 46, 33, 23]","[40, 30, 38, 43, 35, 47, 21, 11, 37, 20, 45, 32]",TWO_PAIR,"{""FLUSH"": 6, ""FULL_HOUSE"": 5, ""PAIR"": 5, ""STRAIGHT"": 3, ""STRAIGHT_FLUSH"": 1, ""THREE_OF_A_KIND"": 2, ""TWO_PAIR"": 17}","{""FLUSH"": 6, ""FULL_HOUSE"": 5, ""PAIR"": 5, ""STRAIGHT"": 3, ""STRAIGHT_FLUSH"": 1, ""THREE_OF_A_KIND"": 2, ""TWO_PAIR"": 17}","{""FLUSH"": 12, ""FULL_HOUSE"": 8, ""HIGH_CARD"": 1, ""PAIR"": 10, ""STRAIGHT"": 6, ""THREE_OF_A_KIND"": 1, ""TWO_PAIR"": 1}","[""AI-2"", ""AI-2"", ""AI-2"", ""AI-1"", ""AI-2"", ""AI-2"", ""AI-1"", ""AI-1"", ""AI-1"", ""AI-2"", ""AI-1"", ""AI-1"", ""AI-1""]"
23,AI-2,11,-62053,"[11, 38, 30, 42, 5, 3, 29, 21, 45, 41]","[""The Duo"", ""Family"", ""Four Fingers"", ""Uniform"", ""Even Steven"", ""Abstract"", ""Trade Insider"", ""Scrappy"", ""Smear"", ""Rainbow""]","[39, 23, 31, 33, 46, 32, 25, 37]","[11, 38, 30, 42, 5, 3, 29, 21, 45, 41]",FLUSH,"{""FLUSH"": 16, ""FOUR_OF_A_KIND"": 1, ""FULL_HOUSE"": 8, ""HIGH_CARD"": 2, ""PAIR"": 2, ""STRAIGHT"": 1, ""THREE_OF_A_KIND"": 1, ""TWO_PAIR"": 2}","{""FLUSH"": 5, ""FULL_HOUSE"": 4, ""HIGH_CARD"": 1, ""PAIR"": 7, ""STRAIGHT"": 11, ""STRAIGHT_FLUSH"": 4, ""THREE_OF_A_KIND"": 1}","{""FLUSH"": 16, ""FOUR_OF_A_KIND"": 1, ""FULL_HOUSE"": 8, ""HIGH_CARD"": 2, ""PAIR"": 2, ""STRAIGHT"": 1, ""THREE_OF_A_KIND"": 1, ""TWO_PAIR"": 2}","[""AI-1"", ""AI-2"", ""AI-1"", ""AI-1"", ""AI-1"", ""AI-2"", ""AI-2"", ""AI-2"", ""AI-2"", ""AI-2"", ""AI-2""]"
24,AI-2,10,-14189,"[20, 26, 13, 37, 21, 2, 42, 40, 23]","[""Scrappy"", ""Tax Man"", ""The Greedy"", ""The Order"", ""Scrappy"", ""Abstract"", ""Uniform"", ""Rainbow"", ""Straitjacket""]","[47, 19, 6, 22, 46, 45, 30, 36, 12]","[20, 26, 13, 37, 21, 2, 42, 40, 23]",PAIR,"{""FLUSH"": 2, ""FULL_HOUSE"": 7, ""PAIR"": 13, ""STRAIGHT"": 3, ""THREE_OF_A_KIND"": 4, ""TWO_PAIR"": 1}","{""FLUSH"": 9, ""FOUR_OF_A_KIND"": 1, ""FULL_HOUSE"": 1, ""HIGH_CARD"": 1, ""PAIR"": 8, ""STRAIGHT_FLUSH"": 1, ""THREE_OF_A_KIND"": 3, ""TWO_PAIR"": 6}","{""FLUSH"": 2, ""FULL_HOUSE"": 7, ""PAIR"": 13, ""STRAIGHT"": 3, ""THREE_OF_A_KIND"": 4, ""TWO_PAIR"": 1}","[""AI-2"", ""AI-2"", ""AI-1"", ""AI-1"", ""AI-1"", ""AI-1"", ""AI-1"", ""AI-2"", ""AI-2"", ""AI-2""]"
25,AI-2,12,-18503,"[40, 44, 3, 15, 46, 22, 41]","[""Rainbow"", ""Smear"", ""Abstract"", ""The Lover"", ""Copycat"", ""Straitjacket"", ""Rainbow""]","[20, 35, 2, 23, 24, 11, 30, 17, 39, 37, 42, 21]","[40, 44, 3, 15, 46, 22, 41]",PAIR,"{""FLUSH"": 8, ""FULL_HOUSE"": 1, ""HIGH_CARD"": 1, ""PAIR"": 16, ""STRAIGHT"": 4, ""THREE_OF_A_KIND"": 5, ""TWO_PAIR"": 1}","{""FLUSH"": 17, ""FULL_HOUSE"": 4, ""HIGH_CARD"": 1, ""PAIR"": 3, ""STRAIGHT"": 3, ""TWO_PAIR"": 8}","{""FLUSH"": 8, ""FULL_HOUSE"": 1, ""HIGH_CARD"": 1, ""PAIR"": 16, ""STRAIGHT"": 4, ""THREE_OF_A_KIND"": 5, ""TWO_PAIR"": 1}","[""AI-2"", ""AI-2"", ""AI-1"", ""AI-2"", ""AI-2"", ""AI-2"", ""AI-1"", ""AI-1"", ""AI-1"", ""AI-1"", ""AI-2"", ""AI-2""]"
26,AI-1,8,11867,"[24, 18, 38, 13, 44, 35, 42, 4, 47]","[""Copyright"", ""The Chairman"", ""Family"", ""The Greedy"", ""Smear"", ""The Tribe"", ""Uniform"", ""Even Steven"", ""Copycat""]","[24, 18, 38, 13, 44, 35, 42, 4, 47]","[34, 39, 32, 33]",TWO_PAIR,"{""FLUSH"": 8, ""FULL_HOUSE"": 2, ""STRAIGHT"": 2, ""THREE_OF_A_KIND"": 4, ""TWO_PAIR"": 8}","{""FLUSH"": 8, ""FULL_HOUSE"": 2, ""STRAIGHT"": 2, ""THREE_OF_A_KIND"": 4, ""TWO_PAIR"": 8}","{""FLUSH"": 3, ""FULL_HOUSE"": 2, ""HIGH_CARD"": 3, ""PAIR"": 4, ""STRAIGHT"": 7, ""STRAIGHT_FLUSH"": 1, ""THREE_OF_A_KIND"": 1, ""TWO_PAIR"": 3}","[""AI-2"", ""AI-1"", ""AI-2"", ""AI-1"", ""AI-1"", ""AI-2"", ""AI-1"", ""AI-1""]"
27,AI-1,13,32121,"[42, 30, 33, 7, 40, 36, 39, 38, 47, 20, 34, 41]","[""Uniform"", ""Four Fingers"", ""Shortcut"", ""Odd Todd"", ""Rainbow"", ""The Order"", ""Family"", ""Family"", ""Copycat"", ""Scrappy"", ""The Tribe"", ""Rainbow""]","[42, 30, 33, 7, 40, 36, 39, 38, 47, 20, 34, 41]","[32, 6, 15, 13, 46, 11, 44, 45, 22]",STRAIGHT,"{""FLUSH"": 9, ""FULL_HOUSE"": 5, ""PAIR"": 5, ""STRAIGHT"": 9, ""STRAIGHT_FLUSH"": 4, ""THREE_OF_A_KIND"": 3, ""TWO_PAIR"": 4}","{""FLUSH"": 9, ""FULL_HOUSE"": 5, ""PAIR"": 5, ""STRAIGHT"": 9, ""STRAIGHT_FLUSH"": 4, ""THREE_OF_A_KIND"": 3, ""TWO_PAIR"": 4}","{""FLUSH"": 2, ""FULL_HOUSE"": 8, ""HIGH_CARD"": 1, ""PAIR"": 10, ""STRAIGHT"": 9, ""STRAIGHT_FLUSH"": 1, ""TWO_PAIR"": 8}","[""AI-1"", ""AI-2"", ""AI-1"", ""AI-1"", ""AI-1"", ""AI-1"", ""AI-1"", ""AI-1"", ""AI-1"", ""AI-1"", ""AI-1"", ""AI-1"", ""AI-1""]"
28,AI-2,7,-10683,"[47, 31, 14, 34, 3]","[""Copycat"", ""Four Fingers"", ""The Lover"", ""The Tribe"", ""Abstract""]","[10, 43, 27, 40, 24, 22, 46, 38]","[47, 31, 14, 34, 3]",TWO_PAIR,"{""FLUSH"": 4, ""FOUR_OF_A_KIND"": 1, ""FULL_HOUSE"": 3, ""HIGH_CARD"": 1, ""PAIR"": 1, ""STRAIGHT"": 3, ""TWO_PAIR"": 8}","{""FLUSH"": 5, ""FULL_HOUSE"": 2, ""PAIR"": 7, ""TWO_PAIR"": 7}","{""FLUSH"": 4, ""FOUR_OF_A_KIND"": 1, ""FULL_HOUSE"": 3, ""HIGH_CARD"": 1, ""PAIR"": 1, ""STRAIGHT"": 3, ""TWO_PAIR"": 8}","[""AI-1"", ""AI-2"", ""AI-1"", ""AI-2"", ""AI-2"", ""AI-2"", ""AI-2""]"
29,AI-1,10,11865,"[37, 10, 40, 20, 3, 18, 34, 38]","[""The Order"", ""The Duo"", ""Rainbow"", ""Scrappy"", ""Abstract"", ""The Chairman"", ""The Tribe"", ""Family""]","[37, 10, 40, 20, 3, 18, 34, 38]","[30, 33, 39, 42, 36, 2, 28, 23]",PAIR,"{""FLUSH"": 1, ""FOUR_OF_A_KIND"": 1, ""FULL_HOUSE"": 4, ""HIGH_CARD"": 2, ""PAIR"": 11, ""STRAIGHT"": 4, ""TWO_PAIR"": 7}","{""FLUSH"": 1, ""FOUR_OF_A_KIND"": 1, ""FULL_HOUSE"": 4, ""HIGH_CARD"": 2, ""PAIR"": 11, ""STRAIGHT"": 4, ""TWO_PAIR"": 7}","{""FLUSH"": 13, ""FOUR_OF_A_KIND"": 1, ""FULL_HOUSE"": 1, ""PAIR"": 2, ""STRAIGHT"": 6, ""STRAIGHT_FLUSH"": 3, ""THREE_OF_A_KIND"": 2, ""TWO_PAIR"": 2}","[""AI-1"", ""AI-1"", ""AI-1"", ""AI-1"", ""AI-2"", ""AI-2"", ""AI-1"", ""AI-1"", ""AI-1"", ""AI-1""]"
30,AI-1,11,12127,"[39, 11, 32, 31, 21, 14, 43, 45, 40, 41, 46, 36]","[""Family"", ""The Duo"", ""Shortcut"", ""Four Fingers"", ""Scrappy"", ""The Lover"", ""Uniform"", ""Smear"", ""Rainbow"", ""Rainbow"", ""Copycat"", ""The Order""]","[39, 11, 32, 31, 21, 14, 43, 45, 40, 41, 46, 36]","[37, 2, 10, 30, 23, 13]",TWO_PAIR,"{""FLUSH"": 10, ""FULL_HOUSE"": 1, ""PAIR"": 2, ""STRAIGHT"": 1, ""STRAIGHT_FLUSH"": 5, ""THREE_OF_A_KIND"": 2, ""TWO_PAIR"": 12}","{""FLUSH"": 10, ""FULL_HOUSE"": 1, ""PAIR"": 2, ""STRAIGHT"": 1, ""STRAIGHT_FLUSH"": 5, ""THREE_OF_A_KIND"": 2, ""TWO_PAIR"": 12}","{""FLUSH"": 8, ""FOUR_OF_A_KIND"": 1, ""FULL_HOUSE"": 7, ""PAIR"": 5, ""STRAIGHT"": 5, ""TWO_PAIR"": 7}","[""AI-2"", ""AI-2"", ""AI-2"", ""AI-2"", ""AI-2"", ""AI-1"", ""AI-2"", ""AI-1"", ""AI-1"", ""AI-1"", ""AI-1""]"
31,AI-2,16,-39356,"[39, 21, 2, 34, 10, 43, 41, 40]","[""Family"", ""Scrappy"", ""Abstract"", ""The Tribe"", ""The Duo"", ""Uniform"", ""Rainbow"", ""Rainbow""]","[23, 24, 45, 35, 38, 36, 47, 31, 20, 46, 4, 28]","[39, 21, 2, 34, 10, 43, 41, 40]",PAIR,"{""FLUSH"": 6, ""FOUR_OF_A_KIND"": 2, ""FULL_HOUSE"": 9, ""PAIR"": 22, ""STRAIGHT"": 9}","{""FLUSH"": 22, ""FOUR_OF_A_KIND"": 2, ""FULL_HOUSE"": 3, ""HIGH_CARD"": 1, ""PAIR"": 4, ""STRAIGHT"": 5, ""THREE_OF_A_KIND"": 1, ""TWO_PAIR"": 10}","{""FLUSH"": 6, ""FOUR_OF_A_KIND"": 2, ""FULL_HOUSE"": 9, ""PAIR"": 22, ""STRAIGHT"": 9}","[""AI-2"", ""AI-2"", ""AI-2"", ""AI-2"", ""AI-2"", ""AI-2"", ""AI-2"", ""AI-2"", ""AI-1"", ""AI-1"", ""AI-2"", ""AI-2"", ""AI-2"", ""AI-2"", ""AI-2"", ""AI-2""]"
32,AI-1,11,10848,"[2, 31, 17, 38, 45, 21, 24, 37, 41, 43]","[""Abstract"", ""Four Fingers"", ""The Protector"", ""Family"", ""Smear"", ""Scrappy"", ""Copyright"", ""The Order"", ""Rainbow"", ""Uniform""]","[2, 31, 17, 38, 45, 21, 24, 37, 41, 43]","[39, 46, 42, 29, 35, 11, 34]",FLUSH,"{""FLUSH"": 17, ""FULL_HOUSE"": 5, ""PAIR"": 7, ""STRAIGHT"": 1, ""STRAIGHT_FLUSH"": 1, ""THREE_OF_A_KIND"": 1, ""TWO_PAIR"": 1}","{""FLUSH"": 17, ""FULL_HOUSE"": 5, ""PAIR"": 7, ""STRAIGHT"": 1, ""STRAIGHT_FLUSH"": 1, ""THREE_OF_A_KIND"": 1, ""TWO_PAIR"": 1}","{""FLUSH"": 9, ""FOUR_OF_A_KIND"": 4, ""FULL_HOUSE"": 2, ""PAIR"": 3, ""STRAIGHT"": 5, ""THREE_OF_A_KIND"": 1, ""TWO_PAIR"": 9}","[""AI-2"", ""AI-2"", ""AI-1"", ""AI-2"", ""AI-1"", ""AI-1"", ""AI-1"", ""AI-2"", ""AI-1"", ""AI-1"", ""AI-1""]"
33,AI-1,14,11669,"[38, 20, 47, 37, 2, 24, 39, 42, 33, 35, 45, 36, 11, 46, 30, 21]","[""Family"", ""Scrappy"", ""Copycat"", ""The Order"", ""Abstract"", ""Copyright"", ""Family"", ""Uniform"", ""Shortcut"", ""The Tribe"", ""Smear"", ""The Order"", ""The Duo"", ""Copycat"", ""Four Fingers"", ""Scrappy""]","[38, 20, 47, 37, 2, 24, 39, 42, 33, 35, 45, 36, 11, 46, 30, 21]","[41, 22, 43, 3, 23, 44, 34, 29, 17]",FLUSH,"{""FLUSH"": 11, ""FOUR_OF_A_KIND"": 2, ""FULL_HOUSE"": 7, ""HIGH_CARD"": 1, ""PAIR"": 10, ""STRAIGHT"": 7, ""THREE_OF_A_KIND"": 2, ""TWO_PAIR"": 2}","{""FLUSH"": 11, ""FOUR_OF_A_KIND"": 2, ""FULL_HOUSE"": 7, ""HIGH_CARD"": 1, ""PAIR"": 10, ""STRAIGHT"": 7, ""THREE_OF_A_KIND"": 2, ""TWO_PAIR"": 2}","{""FLUSH"": 14, ""FOUR_OF_A_KIND"": 3, ""FULL_HOUSE"": 5, ""HIGH_CARD"": 1, ""PAIR"": 3, ""THREE_OF_A_KIND"": 4, ""TWO_PAIR"": 12}","[""AI-1"", ""AI-2"", ""AI-2"", ""AI-1"", ""AI-1"", ""AI-1"", ""AI-1"", ""AI-2"", ""AI-1"", ""AI-2"", ""AI-1"", ""AI-2"", ""AI-1"", ""AI-1""]"
34,AI-1,7,10340,"[22, 20, 24, 30, 19, 2, 41]","[""Straitjacket"", ""Scrappy"", ""Copyright"", ""Four Fingers"", ""The Chairman"", ""Abstract"", ""Rainbow""]","[22, 20, 24, 30, 19, 2, 41]","[13, 14, 29, 43, 11, 3]",FLUSH,"{""FLUSH"": 7, ""FULL_HOUSE"": 4, ""HIGH_CARD"": 3, ""PAIR"": 2, ""STRAIGHT"": 2, ""STRAIGHT_FLUSH"": 1, ""THREE_OF_A_KIND"": 1, ""TWO_PAIR"": 1}","{""FLUSH"": 7, ""FULL_HOUSE"": 4, ""HIGH_CARD"": 3, ""PAIR"": 2, ""STRAIGHT"": 2, ""STRAIGHT_FLUSH"": 1, ""THREE_OF_A_KIND"": 1, ""TWO_PAIR"": 1}","{""FLUSH"": 1, ""FULL_HOUSE"": 1, ""PAIR"": 12, ""STRAIGHT"": 2, ""THREE_OF_A_KIND"": 1, ""TWO_PAIR"": 4}","[""AI-1"", ""AI-1"", ""AI-1"", ""AI-2"", ""AI-2"", ""AI-1"", ""AI-1""]"
35,AI-2,8,-18027,"[36, 42, 14, 40, 44, 37, 2]","[""The Order"", ""Uniform"", ""The Lover"", ""Rainbow"", ""Smear"", ""The Order"", ""Abstract""]","[47, 32, 46, 43, 23, 31, 45]","[36, 42, 14, 40, 44, 37, 2]",FLUSH,"{""FLUSH"": 7, ""FULL_HOUSE"": 2, ""HIGH_CARD"": 1, ""PAIR"": 3, ""STRAIGHT"": 2, ""STRAIGHT_FLUSH"": 1, ""THREE_OF_A_KIND"": 2, ""TWO_PAIR"": 6}","{""FLUSH"": 9, ""FOUR_OF_A_KIND"": 1, ""FULL_HOUSE"": 4, ""HIGH_CARD"": 1, ""PAIR"": 1, ""STRAIGHT"": 4, ""THREE_OF_A_KIND"": 2, ""TWO_PAIR"": 2}","{""FLUSH"": 7, ""FULL_HOUSE"": 2, ""HIGH_CARD"": 1, ""PAIR"": 3, ""STRAIGHT"": 2, ""STRAIGHT_FLUSH"": 1, ""THREE_OF_A_KIND"": 2, ""TWO_PAIR"": 6}","[""AI-2"", ""AI-2"", ""AI-1"", ""AI-2"", ""AI-2"", ""AI-1"", ""AI-2"", ""AI-2""]"
36,AI-1,6,12746,"[43, 30, 3, 47, 35]","[""Uniform"", ""Four Fingers"", ""Abstract"", ""Copycat"", ""The Tribe""]","[43, 30, 3, 47, 35]","[36, 33, 23]",FLUSH,"{""FLUSH"": 13, ""FULL_HOUSE"": 1, ""STRAIGHT"": 2, ""STRAIGHT_FLUSH"": 1, ""TWO_PAIR"": 1}","{""FLUSH"": 13, ""FULL_HOUSE"": 1, ""STRAIGHT"": 2, ""STRAIGHT_FLUSH"": 1, ""TWO_PAIR"": 1}","{""FLUSH"": 1, ""FOUR_OF_A_KIND"": 1, ""FULL_HOUSE"": 1, ""PAIR"": 2, ""STRAIGHT"": 4, ""THREE_OF_A_KIND"": 1, ""TWO_PAIR"": 8}","[""AI-1"", ""AI-1"", ""AI-1"", ""AI-2"", ""AI-1"", ""AI-1""]"
37,AI-2,9,-10114,"[22, 42, 23, 7, 34, 40, 24, 35]","[""Straitjacket"", ""Uniform"", ""Straitjacket"", ""Odd Todd"", ""The Tribe"", ""Rainbow"", ""Copyright"", ""The Tribe""]","[28, 30, 5, 29, 39, 20]","[22, 42, 23, 7, 34, 40, 24, 35]",FLUSH,"{""FLUSH"": 9, ""FULL_HOUSE"": 4, ""HIGH_CARD"": 4, ""PAIR"": 3, ""STRAIGHT"": 1, ""TWO_PAIR"": 6}","{""FLUSH"": 5, ""FOUR_OF_A_KIND"": 1, ""FULL_HOUSE"": 2, ""HIGH_CARD"": 6, ""PAIR"": 5, ""STRAIGHT"": 1, ""STRAIGHT_FLUSH"": 1, ""THREE_OF_A_KIND"": 1, ""TWO_PAIR"": 5}","{""FLUSH"": 9, ""FULL_HOUSE"": 4, ""HIGH_CARD"": 4, ""PAIR"": 3, ""STRAIGHT"": 1, ""TWO_PAIR"": 6}","[""AI-2"", ""AI-2"", ""AI-1"", ""AI-1"", ""AI-1"", ""AI-2"", ""AI-2"", ""AI-2"", ""AI-2""]"
38,AI-2,13,-18458,"[2, 27, 47, 22, 41]","[""Abstract"", ""Tax Man"", ""Copycat"", ""Straitjacket"", ""Rainbow""]","[19, 39, 25, 11, 44, 10, 40, 30, 37, 34]","[2, 27, 47, 22, 41]",PAIR,"{""FLUSH"": 1, ""FOUR_OF_A_KIND"": 1, ""FULL_HOUSE"": 3, ""HIGH_CARD"": 1, ""PAIR"": 13, ""STRAIGHT"": 4, ""THREE_OF_A_KIND"": 4, ""TWO_PAIR"": 12}","{""FLUSH"": 10, ""FOUR_OF_A_KIND"": 1, ""FULL_HOUSE"": 3, ""HIGH_CARD"": 2, ""PAIR"": 9, ""STRAIGHT"": 6, ""THREE_OF_A_KIND"": 2, ""TWO_PAIR"": 6}","{""FLUSH"": 1, ""FOUR_OF_A_KIND"": 1, ""FULL_HOUSE"": 3, ""HIGH_CARD"": 1, ""PAIR"": 13, ""STRAIGHT"": 4, ""THREE_OF_A_KIND"": 4, ""TWO_PAIR"": 12}","[""AI-1"", ""AI-2"", ""AI-1"", ""AI-2"", ""AI-2"", ""AI-1"", ""AI-2"", ""AI-2"", ""AI-2"", ""AI-2"", ""AI-2"", ""AI-2"", ""AI-2""]"
39,AI-1,8,13090,"[40, 43, 30, 19, 45, 15, 2]","[""Rainbow"", ""Uniform"", ""Four Fingers"", ""The Chairman"", ""Smear"", ""The Lover"", ""Abstract""]","[40, 43, 30, 19, 45, 15, 2]","[41, 24, 28, 44, 32]",FLUSH,"{""FLUSH"": 7, ""FULL_HOUSE"": 3, ""PAIR"": 6, ""STRAIGHT"": 2, ""STRAIGHT_FLUSH"": 3, ""THREE_OF_A_KIND"": 1, ""TWO_PAIR"": 2}","{""FLUSH"": 7, ""FULL_HOUSE"": 3, ""PAIR"": 6, ""STRAIGHT"": 2, ""STRAIGHT_FLUSH"": 3, ""THREE_OF_A_KIND"": 1, ""TWO_PAIR"": 2}","{""FLUSH"": 4, ""FULL_HOUSE"": 3, ""HIGH_CARD"": 1, ""PAIR"": 2, ""STRAIGHT"": 1, ""THREE_OF_A_KIND"": 2, ""TWO_PAIR"": 11}","[""AI-1"", ""AI-2"", ""AI-1"", ""AI-2"", ""AI-1"", ""AI-1"", ""AI-1"", ""AI-1""]"
40,AI-2,12,-17668,"[3, 36, 30, 22, 41, 45, 28, 40, 24]","[""Abstract"", ""The Order"", ""Four Fingers"", ""Straitjacket"", ""Rainbow"", ""Smear"", ""Trade Insider"", ""Rainbow"", ""Copyright""]","[39, 31, 44, 19, 42, 23, 38, 2, 34]","[3, 36, 30, 22, 41, 45, 28, 40, 24]",TWO_PAIR,"{""FLUSH"": 8, ""FOUR_OF_A_KIND"": 1, ""FULL_HOUSE"": 7, ""PAIR"": 7, ""STRAIGHT"": 4, ""STRAIGHT_FLUSH"": 1, ""TWO_PAIR"": 8}","{""FLUSH"": 27, ""FULL_HOUSE"": 4, ""STRAIGHT"": 1, ""STRAIGHT_FLUSH"": 1, ""THREE_OF_A_KIND"": 3}","{""FLUSH"": 8, ""FOUR_OF_A_KIND"": 1, ""FULL_HOUSE"": 7, ""PAIR"": 7, ""STRAIGHT"": 4, ""STRAIGHT_FLUSH"": 1, ""TWO_PAIR"": 8}","[""AI-1"", ""AI-1"", ""AI-2"", ""AI-2"", ""AI-2"", ""AI-2"", ""AI-2"", ""AI-2"", ""AI-2"", ""AI-1"", ""AI-2"", ""AI-2""]"
41,AI-1,10,39740,"[34, 28, 44, 42, 30, 23, 3, 39, 43, 40]","[""The Tribe"", ""Trade Insider"", ""Smear"", ""Uniform"", ""Four Fingers"", ""Straitjacket"", ""Abstract"", ""Family"", ""Uniform"", ""Rainbow""]","[34, 28, 44, 42, 30, 23, 3, 39, 43, 40]","[32, 10, 4, 47, 37, 29, 35, 45]",FLUSH,"{""FLUSH"": 12, ""FOUR_OF_A_KIND"": 1, ""FULL_HOUSE"": 1, ""PAIR"": 3, ""STRAIGHT"": 2, ""STRAIGHT_FLUSH"": 1, ""THREE_OF_A_KIND"": 1, ""TWO_PAIR"": 9}","{""FLUSH"": 12, ""FOUR_OF_A_KIND"": 1, ""FULL_HOUSE"": 1, ""PAIR"": 3, ""STRAIGHT"": 2, ""STRAIGHT_FLUSH"": 1, ""THREE_OF_A_KIND"": 1, ""TWO_PAIR"": 9}","{""FLUSH"": 1, ""FULL_HOUSE"": 2, ""PAIR"": 12, ""STRAIGHT"": 12, ""THREE_OF_A_KIND"": 1, ""TWO_PAIR"": 2}","[""AI-2"", ""AI-2"", ""AI-1"", ""AI-1"", ""AI-2"", ""AI-1"", ""AI-1"", ""AI-1"", ""AI-2"", ""AI-1""]"
42,AI-2,11,-12324,"[23, 35, 44, 18, 39, 38, 43, 12, 42, 20, 21, 2]","[""Straitjacket"", ""The Tribe"", ""Smear"", ""The Chairman"", ""Family"", ""Family"", ""Uniform"", ""The Greedy"", ""Uniform"", ""Scrappy"", ""Scrappy"", ""Abstract""]","[29, 47, 25, 13, 14, 32, 24, 9, 36, 30, 34, 31, 46]","[23, 35, 44, 18, 39, 38, 43, 12, 42, 20, 21, 2]",FLUSH,"{""FLUSH"": 19, ""FULL_HOUSE"": 2, ""STRAIGHT"": 5, ""THREE_OF_A_KIND"": 2, ""TWO_PAIR"": 5}","{""FLUSH"": 7, ""FULL_HOUSE"": 5, ""PAIR"": 5, ""STRAIGHT"": 6, ""THREE_OF_A_KIND"": 4, ""TWO_PAIR"": 6}","{""FLUSH"": 19, ""FULL_HOUSE"": 2, ""STRAIGHT"": 5, ""THREE_OF_A_KIND"": 2, ""TWO_PAIR"": 5}","[""AI-2"", ""AI-1"", ""AI-2"", ""AI-2"", ""AI-1"", ""AI-2"", ""AI-2"", ""AI-2"", ""AI-2"", ""AI-1"", ""AI-2""]"
43,AI-2,14,-15451,"[33, 40, 30, 38, 2, 34, 28, 35, 37]","[""Shortcut"", ""Rainbow"", ""Four Fingers"", ""Family"", ""Abstract"", ""The Tribe"", ""Trade Insider"", ""The Tribe"", ""The Order""]","[47, 21, 31, 41, 36, 32, 42, 23, 6, 22, 39]","[33, 40, 30, 38, 2, 34, 28, 35, 37]",FLUSH,"{""FLUSH"": 11, ""FULL_HOUSE"": 2, ""PAIR"": 10, ""STRAIGHT"": 8, ""STRAIGHT_FLUSH"": 1, ""THREE_OF_A_KIND"": 5, ""TWO_PAIR"": 5}","{""FLUSH"": 8, ""FULL_HOUSE"": 2, ""HIGH_CARD"": 10, ""PAIR"": 2, ""STRAIGHT"": 10, ""STRAIGHT_FLUSH"": 1, ""THREE_OF_A_KIND"": 3, ""TWO_PAIR"": 6}","{""FLUSH"": 11, ""FULL_HOUSE"": 2, ""PAIR"": 10, ""STRAIGHT"": 8, ""STRAIGHT_FLUSH"": 1, ""THREE_OF_A_KIND"": 5, ""TWO_PAIR"": 5}","[""AI-2"", ""AI-2"", ""AI-1"", ""AI-2"", ""AI-2"", ""AI-2"", ""AI-2"", ""AI-1"", ""AI-2"", ""AI-2"", ""AI-2"", ""AI-2"", ""AI-2"", ""AI-2""]"
44,AI-2,8,-28828,"[33, 24, 10, 36, 13, 18, 34, 3, 40, 22]","[""Shortcut"", ""Copyright"", ""The Duo"", ""The Order"", ""The Greedy"", ""The Chairman"", ""The Tribe"", ""Abstract"", ""Rainbow"", ""Straitjacket""]","[43, 20, 25, 46, 30, 39, 45]","[33, 24, 10, 36, 13, 18, 34, 3, 40, 22]",TWO_PAIR,"{""FLUSH"": 1, ""FULL_HOUSE"": 1, ""HIGH_CARD"": 1, ""STRAIGHT"": 7, ""THREE_OF_A_KIND"": 1, ""TWO_PAIR"": 13}","{""FLUSH"": 8, ""FULL_HOUSE"": 6, ""PAIR"": 4, ""STRAIGHT"": 1, ""STRAIGHT_FLUSH"": 1, ""THREE_OF_A_KIND"": 2, ""TWO_PAIR"": 2}","{""FLUSH"": 1, ""FULL_HOUSE"": 1, ""HIGH_CARD"": 1, ""STRAIGHT"": 7, ""THREE_OF_A_KIND"": 1, ""TWO_PAIR"": 13}","[""AI-1"", ""AI-1"", ""AI-1"", ""AI-1"", ""AI-1"", ""AI-2"", ""AI-2"", ""AI-2""]"
45,AI-2,8,-10029,"[24, 16, 44, 31, 15, 40, 28, 2]","[""Copyright"", ""The Protector"", ""Smear"", ""Four Fingers"", ""The Lover"", ""Rainbow"", ""Trade Insider"", ""Abstract""]","[12, 11, 18, 29]","[24, 16, 44, 31, 15, 40, 28, 2]",FLUSH,"{""FLUSH"": 9, ""FULL_HOUSE"": 1, ""HIGH_CARD"": 1, ""PAIR"": 6, ""STRAIGHT_FLUSH"": 2, ""THREE_OF_A_KIND"": 2, ""TWO_PAIR"": 3}","{""FULL_HOUSE"": 6, ""PAIR"": 12, ""STRAIGHT"": 2, ""STRAIGHT_FLUSH"": 1, ""TWO_PAIR"": 3}","{""FLUSH"": 9, ""FULL_HOUSE"": 1, ""HIGH_CARD"": 1, ""PAIR"": 6, ""STRAIGHT_FLUSH"": 2, ""THREE_OF_A_KIND"": 2, ""TWO_PAIR"": 3}","[""AI-1"", ""AI-1"", ""AI-2"", ""AI-2"", ""AI-2"", ""AI-2"", ""AI-2"", ""AI-2""]"
46,AI-1,5,11821,"[23, 46, 3, 25, 17, 41, 35]","[""Straitjacket"", ""Copycat"", ""Abstract"", ""Copyright"", ""The Protector"", ""Rainbow"", ""The Tribe""]","[23, 46, 3, 25, 17, 41, 35]","[40, 34]",PAIR,"{""FLUSH"": 2, ""FULL_HOUSE"": 1, ""HIGH_CARD"": 1, ""PAIR"": 6, ""STRAIGHT"": 2, ""TWO_PAIR"": 3}","{""FLUSH"": 2, ""FULL_HOUSE"": 1, ""HIGH_CARD"": 1, ""PAIR"": 6, ""STRAIGHT"": 2, ""TWO_PAIR"": 3}","{""PAIR"": 7, ""THREE_OF_A_KIND"": 2, ""TWO_PAIR"": 6}","[""AI-2"", ""AI-2"", ""AI-1"", ""AI-1"", ""AI-1""]"
47,AI-2,7,-10806,"[19, 41, 20, 35, 40]","[""The Chairman"", ""Rainbow"", ""Scrappy"", ""The Tribe"", ""Rainbow""]","[28, 39, 11, 23, 44, 25]","[19, 41, 20, 35, 40]",FULL_HOUSE,"{""FOUR_OF_A_KIND"": 1, ""FULL_HOUSE"": 6, ""PAIR"": 5, ""STRAIGHT"": 2, ""THREE_OF_A_KIND"": 4, ""TWO_PAIR"": 3}","{""FLUSH"": 4, ""FULL_HOUSE"": 3, ""HIGH_CARD"": 1, ""PAIR"": 1, ""STRAIGHT"": 2, ""TWO_PAIR"": 10}","{""FOUR_OF_A_KIND"": 1, ""FULL_HOUSE"": 6, ""PAIR"": 5, ""STRAIGHT"": 2, ""THREE_OF_A_KIND"": 4, ""TWO_PAIR"": 3}","[""AI-2"", ""AI-2"", ""AI-2"", ""AI-2"", ""AI-2"", ""AI-2"", ""AI-2""]"
48,AI-1,11,17309,"[10, 12, 26, 41, 37, 14, 39, 32, 29, 44, 47]","[""The Duo"", ""The Greedy"", ""Tax Man"", ""Rainbow"", ""The Order"", ""The Lover"", ""Family"", ""Shortcut"", ""Trade Insider"", ""Smear"", ""Copycat""]","[10, 12, 26, 41, 37, 14, 39, 32, 29, 44, 47]","[20, 45, 19, 43, 35, 24, 22, 38, 36, 15, 28, 21]",TWO_PAIR,"{""FLUSH"": 3, ""FULL_HOUSE"": 2, ""PAIR"": 7, ""STRAIGHT"": 6, ""THREE_OF_A_KIND"": 2, ""TWO_PAIR"": 13}","{""FLUSH"": 3, ""FULL_HOUSE"": 2, ""PAIR"": 7, ""STRAIGHT"": 6, ""THREE_OF_A_KIND"": 2, ""TWO_PAIR"": 13}","{""FLUSH"": 24, ""FULL_HOUSE"": 3, ""PAIR"": 1, ""STRAIGHT"": 2, ""STRAIGHT_FLUSH"": 1, ""TWO_PAIR"": 2}","[""AI-2"", ""AI-1"", ""AI-2"", ""AI-1"", ""AI-1"", ""AI-2"", ""AI-1"", ""AI-2"", ""AI-1"", ""AI-1"", ""AI-1""]"
49,AI-1,9,11666,"[31, 26, 36, 20, 41, 40]","[""Four Fingers"", ""Tax Man"", ""The Order"", ""Scrappy"", ""Rainbow"", ""Rainbow""]","[31, 26, 36, 20, 41, 40]","[39, 29, 46, 10, 22]",STRAIGHT,"{""FLUSH"": 5, ""FULL_HOUSE"": 2, ""HIGH_CARD"": 1, ""PAIR"": 5, ""STRAIGHT"": 6, ""STRAIGHT_FLUSH"": 3, ""THREE_OF_A_KIND"": 1, ""TWO_PAIR"": 4}","{""FLUSH"": 5, ""FULL_HOUSE"": 2, ""HIGH_CARD"": 1, ""PAIR"": 5, ""STRAIGHT"": 6, ""STRAIGHT_FLUSH"": 3, ""THREE_OF_A_KIND"": 1, ""TWO_PAIR"": 4}","{""FLUSH"": 3, ""FULL_HOUSE"": 2, ""PAIR"": 2, ""STRAIGHT"": 1, ""THREE_OF_A_KIND"": 8, ""TWO_PAIR"": 11}","[""AI-2"", ""AI-1"", ""AI-1"", ""AI-1"", ""AI-1"", ""AI-1"", ""AI-1"", ""AI-1"", ""AI-1""]"
50,AI-2,12,-14037,"[13, 37, 11, 23, 36, 45, 5, 46, 25, 3]","[""The Greedy"", ""The Order"", ""The Duo"", ""Straitjacket"", ""The Order"", ""Smear"", ""Even Steven"", ""Copycat"", ""Copyright"", ""Abstract""]","[32, 42, 38, 22, 44, 39, 35, 20]","[13, 37, 11, 23, 36, 45, 5, 46, 25, 3]",TWO_PAIR,"{""FLUSH"": 10, ""FULL_HOUSE"": 6, ""PAIR"": 6, ""STRAIGHT"": 3, ""THREE_OF_A_KIND"": 1, ""TWO_PAIR"": 10}","{""FLUSH"": 13, ""FULL_HOUSE"": 1, ""HIGH_CARD"": 1, ""PAIR"": 2, ""STRAIGHT"": 15, ""STRAIGHT_FLUSH"": 1, ""TWO_PAIR"": 3}","{""FLUSH"": 10, ""FULL_HOUSE"": 6, ""PAIR"": 6, ""STRAIGHT"": 3, ""THREE_OF_A_KIND"": 1, ""TWO_PAIR"": 10}","[""AI-1"", ""AI-1"", ""AI-1"", ""AI-2"", ""AI-1"", ""AI-1"", ""AI-1"", ""AI-1"", ""AI-2"", ""AI-2"", ""AI-2"", ""AI-2""]"
51,AI-1,12,13115,"[35, 4, 21, 41]","[""The Tribe"", ""Even Steven"", ""Scrappy"", ""Rainbow""]","[35, 4, 21, 41]","[23, 17, 33, 27, 22, 32, 40]",PAIR,"{""FOUR_OF_A_KIND"": 1, ""FULL_HOUSE"": 5, ""HIGH_CARD"": 3, ""PAIR"": 12, ""STRAIGHT"": 1, ""THREE_OF_A_KIND"": 5, ""TWO_PAIR"": 9}","{""FOUR_OF_A_KIND"": 1, ""FULL_HOUSE"": 5, ""HIGH_CARD"": 3, ""PAIR"": 12, ""STRAIGHT"": 1, ""THREE_OF_A_KIND"": 5, ""TWO_PAIR"": 9}","{""FULL_HOUSE"": 3, ""HIGH_CARD"": 3, ""PAIR"": 1, ""STRAIGHT"": 15, ""THREE_OF_A_KIND"": 1, ""TWO_PAIR"": 13}","[""AI-2"", ""AI-2"", ""AI-1"", ""AI-1"", ""AI-1"", ""AI-1"", ""AI-1"", ""AI-1"", ""AI-1"", ""AI-1"", ""AI-1"", ""AI-1""]"
52,AI-1,15,39197,"[22, 27, 43, 28, 34, 38, 35, 39, 47, 44, 42, 2, 45, 41, 24, 3, 31]","[""Straitjacket"", ""Tax Man"", ""Uniform"", ""Trade Insider"", ""The Tribe"", ""Family"", ""The Tribe"", ""Family"", ""Copycat"", ""Smear"", ""Uniform"", ""Abstract"", ""Smear"", ""Rainbow"", ""Copyright"", ""Abstract"", ""Four Fingers""]","[22, 27, 43, 28, 34, 38, 35, 39, 47, 44, 42, 2, 45, 41, 24, 3, 31]","[10, 33, 37, 21, 36, 20, 40, 23, 46, 25]",FLUSH,"{""FLUSH"": 24, ""FOUR_OF_A_KIND"": 2, ""FULL_HOUSE"": 8, ""HIGH_CARD"": 2, ""PAIR"": 3, ""THREE_OF_A_KIND"": 1, ""TWO_PAIR"": 5}","{""FLUSH"": 24, ""FOUR_OF_A_KIND"": 2, ""FULL_HOUSE"": 8, ""HIGH_CARD"": 2, ""PAIR"": 3, ""THREE_OF_A_KIND"": 1, ""TWO_PAIR"": 5}","{""FLUSH"": 1, ""FOUR_OF_A_KIND"": 1, ""FULL_HOUSE"": 3, ""HIGH_CARD"": 2, ""PAIR"": 10, ""STRAIGHT"": 15, ""THREE_OF_A_KIND"": 1, ""TWO_PAIR"": 12}","[""AI-2"", ""AI-1"", ""AI-1"", ""AI-1"", ""AI-1"", ""AI-1"", ""AI-2"", ""AI-1"", ""AI-1"", ""AI-1"", ""AI-2"", ""AI-1"", ""AI-1"", ""AI-2"", ""AI-1""]"
53,AI-1,12,12587,"[46, 39, 31, 20, 18, 21, 28, 34, 38, 35, 41, 37]","[""Copycat"", ""Family"", ""Four Fingers"", ""Scrappy"", ""The Chairman"", ""Scrappy"", ""Trade Insider"", ""The Tribe"", ""Family"", ""The Tribe"", ""Rainbow"", ""The Order""]","[46, 39, 31, 20, 18, 21, 28, 34, 38, 35, 41, 37]","[16, 12, 25, 13, 11, 44, 30, 45, 36]",FLUSH,"{""FLUSH"": 21, ""FULL_HOUSE"": 4, ""PAIR"": 4, ""STRAIGHT"": 3, ""THREE_OF_A_KIND"": 1, ""TWO_PAIR"": 3}","{""FLUSH"": 21, ""FULL_HOUSE"": 4, ""PAIR"": 4, ""STRAIGHT"": 3, ""THREE_OF_A_KIND"": 1, ""TWO_PAIR"": 3}","{""FLUSH"": 10, ""FULL_HOUSE"": 2, ""PAIR"": 9, ""STRAIGHT"": 8, ""THREE_OF_A_KIND"": 3, ""TWO_PAIR"": 4}","[""AI-1"", ""AI-1"", ""AI-1"", ""AI-2"", ""AI-1"", ""AI-1"", ""AI-1"", ""AI-1"", ""AI-1"", ""AI-1"", ""AI-1"", ""AI-1""]"
54,AI-2,15,-150846,"[42, 6, 38, 11, 12, 35, 41, 39, 37, 36, 45]","[""Uniform"", ""Odd Todd"", ""Family"", ""The Duo"", ""The Greedy"", ""The Tribe"", ""Rainbow"", ""Family"", ""The Order"", ""The Order"", ""Smear""]","[22, 33, 30, 17, 26, 40, 47]","[42, 6, 38, 11, 12, 35, 41, 39, 37, 36, 45]",PAIR,"{""FLUSH"": 11, ""FOUR_OF_A_KIND"": 1, ""PAIR"": 25, ""STRAIGHT"": 5, ""TWO_PAIR"": 3}","{""FLUSH"": 10, ""FULL_HOUSE"": 7, ""PAIR"": 9, ""STRAIGHT"": 9, ""STRAIGHT_FLUSH"": 2, ""THREE_OF_A_KIND"": 2, ""TWO_PAIR"": 6}","{""FLUSH"": 11, ""FOUR_OF_A_KIND"": 1, ""PAIR"": 25, ""STRAIGHT"": 5, ""TWO_PAIR"": 3}","[""AI-1"", ""AI-2"", ""AI-2"", ""AI-2"", ""AI-2"", ""AI-2"", ""AI-2"", ""AI-2"", ""AI-2"", ""AI-2"", ""AI-2"", ""AI-2"", ""AI-2"", ""AI-2"", ""AI-2""]"
55,AI-1,14,36626,"[22, 11, 34, 14, 31, 37, 25, 2, 4, 42, 44, 35]","[""Straitjacket"", ""The Duo"", ""The Tribe"", ""The Lover"", ""Four Fingers"", ""The Order"", ""Copyright"", ""Abstract"", ""Even Steven"", ""Uniform"", ""Smear"", ""The Tribe""]","[22, 11, 34, 14, 31, 37, 25, 2, 4, 42, 44, 35]","[46, 17, 3, 38, 13, 39, 36, 21, 12, 41, 43]",FLUSH,"{""FLUSH"": 25, ""FOUR_OF_A_KIND"": 1, ""FULL_HOUSE"": 2, ""HIGH_CARD"": 5, ""PAIR"": 1, ""STRAIGHT"": 2, ""STRAIGHT_FLUSH"": 1, ""THREE_OF_A_KIND"": 2, ""TWO_PAIR"": 3}","{""FLUSH"": 25, ""FOUR_OF_A_KIND"": 1, ""FULL_HOUSE"": 2, ""HIGH_CARD"": 5, ""PAIR"": 1, ""STRAIGHT"": 2, ""STRAIGHT_FLUSH"": 1, ""THREE_OF_A_KIND"": 2, ""TWO_PAIR"": 3}","{""FLUSH"": 3, ""FULL_HOUSE"": 8, ""HIGH_CARD"": 1, ""PAIR"": 23, ""STRAIGHT"": 4, ""THREE_OF_A_KIND"": 2, ""TWO_PAIR"": 1}","[""AI-1"", ""AI-2"", ""AI-2"", ""AI-2"", ""AI-2"", ""AI-2"", ""AI-2"", ""AI-1"", ""AI-2"", ""AI-2"", ""AI-2"", ""AI-2"", ""AI-1"", ""AI-1""]"
56,AI-1,6,22595,"[6, 23, 46, 41, 36]","[""Odd Todd"", ""Straitjacket"", ""Copycat"", ""Rainbow"", ""The Order""]","[6, 23, 46, 41, 36]","[39, 32, 31]",TWO_PAIR,"{""FLUSH"": 4, ""FOUR_OF_A_KIND"": 1, ""FULL_HOUSE"": 1, ""PAIR"": 3, ""STRAIGHT"": 1, ""THREE_OF_A_KIND"": 1, ""TWO_PAIR"": 7}","{""FLUSH"": 4, ""FOUR_OF_A_KIND"": 1, ""FULL_HOUSE"": 1, ""PAIR"": 3, ""STRAIGHT"": 1, ""THREE_OF_A_KIND"": 1, ""TWO_PAIR"": 7}","{""FLUSH"": 4, ""FULL_HOUSE"": 4, ""PAIR"": 5, ""STRAIGHT"": 3, ""TWO_PAIR"": 2}","[""AI-2"", ""AI-1"", ""AI-1"", ""AI-1"", ""AI-1"", ""AI-1""]"
57,AI-2,11,-15588,"[41, 30, 18, 3, 19, 45]","[""Rainbow"", ""Four Fingers"", ""The Chairman"", ""Abstract"", ""The Chairman"", ""Smear""]","[21, 27, 37, 11, 42, 32, 20]","[41, 30, 18, 3, 19, 45]",PAIR,"{""FLUSH"": 6, ""FULL_HOUSE"": 6, ""PAIR"": 10, ""STRAIGHT"": 2, ""THREE_OF_A_KIND"": 3, ""TWO_PAIR"": 6}","{""FLUSH"": 6, ""FOUR_OF_A_KIND"": 2, ""FULL_HOUSE"": 5, ""PAIR"": 9, ""STRAIGHT"": 9, ""TWO_PAIR"": 2}","{""FLUSH"": 6, ""FULL_HOUSE"": 6, ""PAIR"": 10, ""STRAIGHT"": 2, ""THREE_OF_A_KIND"": 3, ""TWO_PAIR"": 6}","[""AI-2"", ""AI-1"", ""AI-1"", ""AI-2"", ""AI-2"", ""AI-2"", ""AI-2"", ""AI-2"", ""AI-2"", ""AI-2"", ""AI-2""]"
58,AI-1,13,33580,"[19, 10, 13, 46, 37, 44, 21, 3, 20, 41, 40]","[""The Chairman"", ""The Duo"", ""The Greedy"", ""Copycat"", ""The Order"", ""Smear"", ""Scrappy"", ""Abstract"", ""Scrappy"", ""Rainbow"", ""Rainbow""]","[19, 10, 13, 46, 37, 44, 21, 3, 20, 41, 40]","[38, 22, 23, 33, 35, 34, 36, 2, 39, 42]",TWO_PAIR,"{""FLUSH"": 5, ""FOUR_OF_A_KIND"": 1, ""FULL_HOUSE"": 5, ""HIGH_CARD"": 2, ""PAIR"": 7, ""STRAIGHT"": 4, ""THREE_OF_A_KIND"": 2, ""TWO_PAIR"": 13}","{""FLUSH"": 5, ""FOUR_OF_A_KIND"": 1, ""FULL_HOUSE"": 5, ""HIGH_CARD"": 2, ""PAIR"": 7, ""STRAIGHT"": 4, ""THREE_OF_A_KIND"": 2, ""TWO_PAIR"": 13}","{""FLUSH"": 9, ""FOUR_OF_A_KIND"": 4, ""FULL_HOUSE"": 1, ""PAIR"": 13, ""STRAIGHT"": 9, ""THREE_OF_A_KIND"": 3}","[""AI-2"", ""AI-1"", ""AI-2"", ""AI-2"", ""AI-1"", ""AI-1"", ""AI-2"", ""AI-2"", ""AI-2"", ""AI-2"", ""AI-1"", ""AI-1"", ""AI-1""]"
59,AI-1,12,15373,"[36, 6, 10, 38, 34, 44, 3, 41]","[""The Order"", ""Odd Todd"", ""The Duo"", ""Family"", ""The Tribe"", ""Smear"", ""Abstract"", ""Rainbow""]","[36, 6, 10, 38, 34, 44, 3, 41]","[40, 47, 21, 45]",PAIR,"{""FLUSH"": 8, ""FULL_HOUSE"": 6, ""PAIR"": 11, ""STRAIGHT"": 5, ""TWO_PAIR"": 6}","{""FLUSH"": 8, ""FULL_HOUSE"": 6, ""PAIR"": 11, ""STRAIGHT"": 5, ""TWO_PAIR"": 6}","{""FLUSH"": 4, ""FULL_HOUSE"": 5, ""HIGH_CARD"": 1, ""PAIR"": 4, ""STRAIGHT"": 5, ""THREE_OF_A_KIND"": 4, ""TWO_PAIR"": 13}","[""AI-2"", ""AI-1"", ""AI-1"", ""AI-1"", ""AI-1"", ""AI-1"", ""AI-2"", ""AI-1"", ""AI-1"", ""AI-1"", ""AI-1"", ""AI-1""]"
60,AI-1,10,10914,"[41, 40, 28, 37, 21, 39, 47]","[""Rainbow"", ""Rainbow"", ""Trade Insider"", ""The Order"", ""Scrappy"", ""Family"", ""Copycat""]","[41, 40, 28, 37, 21, 39, 47]","[18, 35, 13, 34]",PAIR,"{""FLUSH"": 4, ""FULL_HOUSE"": 5, ""HIGH_CARD"": 2, ""PAIR"": 14, ""STRAIGHT"": 2, ""TWO_PAIR"": 3}","{""FLUSH"": 4, ""FULL_HOUSE"": 5, ""HIGH_CARD"": 2, ""PAIR"": 14, ""STRAIGHT"": 2, ""TWO_PAIR"": 3}","{""FLUSH"": 2, ""FULL_HOUSE"": 7, ""HIGH_CARD"": 1, ""PAIR"": 3, ""STRAIGHT"": 4, ""THREE_OF_A_KIND"": 1, ""TWO_PAIR"": 12}","[""AI-1"", ""AI-1"", ""AI-1"", ""AI-1"", ""AI-1"", ""AI-1"", ""AI-1"", ""AI-1"", ""AI-1"", ""AI-1""]"
61,AI-2,7,-22968,"[38, 41, 42, 31, 18, 4]","[""Family"", ""Rainbow"", ""Uniform"", ""Four Fingers"", ""The Chairman"", ""Even Steven""]","[23, 21, 30, 2, 44, 24, 29, 14]","[38, 41, 42, 31, 18, 4]",TWO_PAIR,"{""FLUSH"": 5, ""FOUR_OF_A_KIND"": 1, ""FULL_HOUSE"": 3, ""HIGH_CARD"": 1, ""PAIR"": 3, ""STRAIGHT"": 1, ""STRAIGHT_FLUSH"": 1, ""THREE_OF_A_KIND"": 1, ""TWO_PAIR"": 5}","{""FLUSH"": 13, ""FULL_HOUSE"": 2, ""PAIR"": 2, ""STRAIGHT"": 2, ""TWO_PAIR"": 2}","{""FLUSH"": 5, ""FOUR_OF_A_KIND"": 1, ""FULL_HOUSE"": 3, ""HIGH_CARD"": 1, ""PAIR"": 3, ""STRAIGHT"": 1, ""STRAIGHT_FLUSH"": 1, ""THREE_OF_A_KIND"": 1, ""TWO_PAIR"": 5}","[""AI-2"", ""AI-2"", ""AI-1"", ""AI-1"", ""AI-2"", ""AI-2"", ""AI-2""]"
62,AI-2,8,-36776,"[20, 41, 30, 38, 2, 46]","[""Scrappy"", ""Rainbow"", ""Four Fingers"", ""Family"", ""Abstract"", ""Copycat""]","[31, 39, 14, 21]","[20, 41, 30, 38, 2, 46]",PAIR,"{""FLUSH"": 3, ""FOUR_OF_A_KIND"": 1, ""FULL_HOUSE"": 3, ""PAIR"": 10, ""STRAIGHT"": 1, ""STRAIGHT_FLUSH"": 1, ""THREE_OF_A_KIND"": 5}","{""FLUSH"": 9, ""FULL_HOUSE"": 4, ""HIGH_CARD"": 1, ""PAIR"": 2, ""STRAIGHT"": 3, ""STRAIGHT_FLUSH"": 1, ""THREE_OF_A_KIND"": 1, ""TWO_PAIR"": 3}","{""FLUSH"": 3, ""FOUR_OF_A_KIND"": 1, ""FULL_HOUSE"": 3, ""PAIR"": 10, ""STRAIGHT"": 1, ""STRAIGHT_FLUSH"": 1, ""THREE_OF_A_KIND"": 5}","[""AI-2"", ""AI-1"", ""AI-2"", ""AI-2"", ""AI-2"", ""AI-2"", ""AI-2"", ""AI-2""]"
63,AI-2,10,-10564,"[10, 13, 36, 2, 38, 29, 34, 44, 22, 40, 45]","[""The Duo"", ""The Greedy"", ""The Order"", ""Abstract"", ""Family"", ""Trade Insider"", ""The Tribe"", ""Smear"", ""Straitjacket"", ""Rainbow"", ""Smear""]","[20, 26, 28, 43, 3, 46, 23]","[10, 13, 36, 2, 38, 29, 34, 44, 22, 40, 45]",PAIR,"{""FLUSH"": 5, ""FULL_HOUSE"": 4, ""PAIR"": 12, ""STRAIGHT"": 3, ""TWO_PAIR"": 6}","{""FLUSH"": 5, ""FULL_HOUSE"": 2, ""PAIR"": 4, ""STRAIGHT"": 7, ""THREE_OF_A_KIND"": 5, ""TWO_PAIR"": 7}","{""FLUSH"": 5, ""FULL_HOUSE"": 4, ""PAIR"": 12, ""STRAIGHT"": 3, ""TWO_PAIR"": 6}","[""AI-1"", ""AI-2"", ""AI-2"", ""AI-2"", ""AI-2"", ""AI-2"", ""AI-2"", ""AI-2"", ""AI-2"", ""AI-2""]"
64,AI-1,9,29555,"[16, 10, 27, 34, 35, 45, 28, 40, 11, 41]","[""The Protector"", ""The Duo"", ""Tax Man"", ""The Tribe"", ""The Tribe"", ""Smear"", ""Trade Insider"", ""Rainbow"", ""The Duo"", ""Rainbow""]","[16, 10, 27, 34, 35, 45, 28, 40, 11, 41]","[43, 13, 37, 44, 38, 47, 32, 5]",PAIR,"{""FLUSH"": 3, ""FULL_HOUSE"": 3, ""PAIR"": 11, ""STRAIGHT"": 4, ""TWO_PAIR"": 6}","{""FLUSH"": 3, ""FULL_HOUSE"": 3, ""PAIR"": 11, ""STRAIGHT"": 4, ""TWO_PAIR"": 6}","{""FLUSH"": 17, ""FULL_HOUSE"": 2, ""STRAIGHT"": 4, ""STRAIGHT_FLUSH"": 1, ""THREE_OF_A_KIND"": 1, ""TWO_PAIR"": 2}","[""AI-2"", ""AI-2"", ""AI-2"", ""AI-2"", ""AI-2"", ""AI-1"", ""AI-1"", ""AI-1"", ""AI-1""]"
65,AI-2,13,-43140,"[42, 13, 3, 39, 22, 34, 47, 36, 14, 33, 46, 31, 41]","[""Uniform"", ""The Greedy"", ""Abstract"", ""Family"", ""Straitjacket"", ""The Tribe"", ""Copycat"", ""The Order"", ""The Lover"", ""Shortcut"", ""Copycat"", ""Four Fingers"", ""Rainbow""]","[44, 40, 32, 23, 37, 35, 21, 43]","[42, 13, 3, 39, 22, 34, 47, 36, 14, 33, 46, 31, 41]",FLUSH,"{""FLUSH"": 15, ""FULL_HOUSE"": 5, ""PAIR"": 3, ""STRAIGHT"": 9, ""THREE_OF_A_KIND"": 5, ""TWO_PAIR"": 2}","{""FLUSH"": 13, ""FULL_HOUSE"": 5, ""PAIR"": 4, ""STRAIGHT"": 9, ""STRAIGHT_FLUSH"": 2, ""THREE_OF_A_KIND"": 2, ""TWO_PAIR"": 4}","{""FLUSH"": 15, ""FULL_HOUSE"": 5, ""PAIR"": 3, ""STRAIGHT"": 9, ""THREE_OF_A_KIND"": 5, ""TWO_PAIR"": 2}","[""AI-1"", ""AI-2"", ""AI-2"", ""AI-2"", ""AI-2"", ""AI-2"", ""AI-1"", ""AI-2"", ""AI-1"", ""AI-1"", ""AI-2"", ""AI-2"", ""AI-2""]"
66,AI-2,5,-11168,"[32, 2, 41, 3]","[""Shortcut"", ""Abstract"", ""Rainbow"", ""Abstract""]","[46, 30, 14]","[32, 2, 41, 3]",STRAIGHT,"{""FLUSH"": 1, ""FULL_HOUSE"": 3, ""PAIR"": 2, ""STRAIGHT"": 6, ""TWO_PAIR"": 3}","{""FLUSH"": 4, ""FOUR_OF_A_KIND"": 1, ""FULL_HOUSE"": 5, ""PAIR"": 2, ""STRAIGHT_FLUSH"": 1, ""TWO_PAIR"": 2}","{""FLUSH"": 1, ""FULL_HOUSE"": 3, ""PAIR"": 2, ""STRAIGHT"": 6, ""TWO_PAIR"": 3}","[""AI-1"", ""AI-2"", ""AI-2"", ""AI-2"", ""AI-2""]"
67,AI-1,5,11844,"[46, 14, 3, 30, 21, 40]","[""Copycat"", ""The Lover"", ""Abstract"", ""Four Fingers"", ""Scrappy"", ""Rainbow""]","[46, 14, 3, 30, 21, 40]","[24, 13, 22, 10]",TWO_PAIR,"{""FLUSH"": 3, ""FULL_HOUSE"": 1, ""PAIR"": 2, ""STRAIGHT"": 3, ""TWO_PAIR"": 6}","{""FLUSH"": 3, ""FULL_HOUSE"": 1, ""PAIR"": 2, ""STRAIGHT"": 3, ""TWO_PAIR"": 6}","{""FLUSH"": 2, ""FULL_HOUSE"": 2, ""PAIR"": 4, ""STRAIGHT"": 1, ""TWO_PAIR"": 6}","[""AI-2"", ""AI-1"", ""AI-1"", ""AI-1"", ""AI-1""]"
68,AI-2,15,-44169,"[44, 15, 41, 22, 43, 30, 23, 34, 40, 25, 28, 35, 47, 45, 21, 39, 42, 37]","[""Smear"", ""The Lover"", ""Rainbow"", ""Straitjacket"", ""Uniform"", ""Four Fingers"", ""Straitjacket"", ""The Tribe"", ""Rainbow"", ""Copyright"", ""Trade Insider"", ""The Tribe"", ""Copycat"", ""Smear"", ""Scrappy"", ""Family"", ""Uniform"", ""The Order""]","[32, 17, 38, 18, 2, 46, 20, 36]","[44, 15, 41, 22, 43, 30, 23, 34, 40, 25, 28, 35, 47, 45, 21, 39, 42, 37]",FLUSH,"{""FLUSH"": 22, ""FOUR_OF_A_KIND"": 1, ""FULL_HOUSE"": 2, ""PAIR"": 2, ""STRAIGHT"": 2, ""STRAIGHT_FLUSH"": 2, ""THREE_OF_A_KIND"": 3, ""TWO_PAIR"": 11}","{""FLUSH"": 1, ""FOUR_OF_A_KIND"": 1, ""FULL_HOUSE"": 3, ""HIGH_CARD"": 1, ""PAIR"": 9, ""STRAIGHT"": 13, ""THREE_OF_A_KIND"": 1, ""TWO_PAIR"": 16}","{""FLUSH"": 22, ""FOUR_OF_A_KIND"": 1, ""FULL_HOUSE"": 2, ""PAIR"": 2, ""STRAIGHT"": 2, ""STRAIGHT_FLUSH"": 2, ""THREE_OF_A_KIND"": 3, ""TWO_PAIR"": 11}","[""AI-1"", ""AI-2"", ""AI-2"", ""AI-2"", ""AI-1"", ""AI-2"", ""AI-2"", ""AI-1"", ""AI-2"", ""AI-1"", ""AI-2"", ""AI-1"", ""AI-2"", ""AI-2"", ""AI-2""]"
69,AI-2,10,-11459,"[41, 44, 46, 2, 34]","[""Rainbow"", ""Smear"", ""Copycat"", ""Abstract"", ""The Tribe""]","[37, 33, 25, 40]","[41, 44, 46, 2, 34]",PAIR,"{""FLUSH"": 5, ""FULL_HOUSE"": 3, ""PAIR"": 9, ""STRAIGHT"": 2, ""THREE_OF_A_KIND"": 4, ""TWO_PAIR"": 7}","{""FLUSH"": 2, ""FOUR_OF_A_KIND"": 1, ""FULL_HOUSE"": 7, ""HIGH_CARD"": 1, ""PAIR"": 1, ""STRAIGHT"": 10, ""THREE_OF_A_KIND"": 1, ""TWO_PAIR"": 7}","{""FLUSH"": 5, ""FULL_HOUSE"": 3, ""PAIR"": 9, ""STRAIGHT"": 2, ""THREE_OF_A_KIND"": 4, ""TWO_PAIR"": 7}","[""AI-2"", ""AI-1"", ""AI-2"", ""AI-2"", ""AI-2"", ""AI-2"", ""AI-2"", ""AI-2"", ""AI-2"", ""AI-2""]"
70,AI-2,7,-10581,"[18, 47, 2, 26, 3, 34, 43]","[""The Chairman"", ""Copycat"", ""Abstract"", ""Tax Man"", ""Abstract"", ""The Tribe"", ""Uniform""]","[19, 5, 21, 33, 37, 12]","[18, 47, 2, 26, 3, 34, 43]",PAIR,"{""FLUSH"": 4, ""FULL_HOUSE"": 2, ""PAIR"": 13, ""STRAIGHT"": 1, ""THREE_OF_A_KIND"": 1}","{""FLUSH"": 1, ""FULL_HOUSE"": 2, ""PAIR"": 2, ""STRAIGHT"": 8, ""THREE_OF_A_KIND"": 4, ""TWO_PAIR"": 4}","{""FLUSH"": 4, ""FULL_HOUSE"": 2, ""PAIR"": 13, ""STRAIGHT"": 1, ""THREE_OF_A_KIND"": 1}","[""AI-1"", ""AI-2"", ""AI-1"", ""AI-2"", ""AI-2"", ""AI-2"", ""AI-2""]"
71,AI-1,8,10130,"[22, 46, 21, 30, 35, 44, 40, 45, 41, 20]","[""Straitjacket"", ""Copycat"", ""Scrappy"", ""Four Fingers"", ""The Tribe"", ""Smear"", ""Rainbow"", ""Smear"", ""Rainbow"", ""Scrappy""]","[22, 46, 21, 30, 35, 44, 40, 45, 41, 20]","[33, 38, 42, 10, 11, 16]",FLUSH,"{""FLUSH"": 15, ""FULL_HOUSE"": 5, ""TWO_PAIR"": 4}","{""FLUSH"": 15, ""FULL_HOUSE"": 5, ""TWO_PAIR"": 4}","{""FLUSH"": 6, ""FOUR_OF_A_KIND"": 1, ""FULL_HOUSE"": 1, ""PAIR"": 4, ""STRAIGHT"": 5, ""STRAIGHT_FLUSH"": 1, ""THREE_OF_A_KIND"": 1, ""TWO_PAIR"": 5}","[""AI-1"", ""AI-2"", ""AI-2"", ""AI-1"", ""AI-1"", ""AI-1"", ""AI-1"", ""AI-1""]"
72,AI-1,11,30150,"[34, 27, 26, 43, 30, 39, 40, 2, 41]","[""The Tribe"", ""Tax Man"", ""Tax Man"", ""Uniform"", ""Four Fingers"", ""Family"", ""Rainbow"", ""Abstract"", ""Rainbow""]","[34, 27, 26, 43, 30, 39, 40, 2, 41]","[3, 5, 22, 47]",FLUSH,"{""FLUSH"": 18, ""FULL_HOUSE"": 3, ""PAIR"": 3, ""STRAIGHT"": 2, ""THREE_OF_A_KIND"": 2, ""TWO_PAIR"": 5}","{""FLUSH"": 18, ""FULL_HOUSE"": 3, ""PAIR"": 3, ""STRAIGHT"": 2, ""THREE_OF_A_KIND"": 2, ""TWO_PAIR"": 5}","{""FLUSH"": 3, ""FULL_HOUSE"": 1, ""HIGH_CARD"": 3, ""PAIR"": 7, ""STRAIGHT"": 2, ""THREE_OF_A_KIND"": 5, ""TWO_PAIR"": 12}","[""AI-1"", ""AI-2"", ""AI-2"", ""AI-1"", ""AI-1"", ""AI-1"", ""AI-1"", ""AI-1"", ""AI-1"", ""AI-1"", ""AI-1""]"
73,AI-2,6,-15342,"[40, 20, 41]","[""Rainbow"", ""Scrappy"", ""Rainbow""]","[46, 24, 12, 45, 4]","[40, 20, 41]",TWO_PAIR,"{""FULL_HOUSE"": 2, ""HIGH_CARD"": 1, ""PAIR"": 4, ""THREE_OF_A_KIND"": 2, ""TWO_PAIR"": 9}","{""FLUSH"": 3, ""FULL_HOUSE"": 3, ""PAIR"": 9, ""THREE_OF_A_KIND"": 1, ""TWO_PAIR"": 2}","{""FULL_HOUSE"": 2, ""HIGH_CARD"": 1, ""PAIR"": 4, ""THREE_OF_A_KIND"": 2, ""TWO_PAIR"": 9}","[""AI-1"", ""AI-2"", ""AI-2"", ""AI-2"", ""AI-2"", ""AI-2""]"
74,AI-2,11,-10979,"[42, 35, 14, 23, 38, 46, 37, 22, 40, 34]","[""Uniform"", ""The Tribe"", ""The Lover"", ""Straitjacket"", ""Family"", ""Copycat"", ""The Order"", ""Straitjacket"", ""Rainbow"", ""The Tribe""]","[39, 21, 17, 47, 36]","[42, 35, 14, 23, 38, 46, 37, 22, 40, 34]",FLUSH,"{""FLUSH"": 19, ""FULL_HOUSE"": 2, ""PAIR"": 4, ""STRAIGHT"": 5, ""TWO_PAIR"": 3}","{""FLUSH"": 8, ""FOUR_OF_A_KIND"": 2, ""FULL_HOUSE"": 3, ""PAIR"": 6, ""STRAIGHT"": 4, ""THREE_OF_A_KIND"": 3, ""TWO_PAIR"": 7}","{""FLUSH"": 19, ""FULL_HOUSE"": 2, ""PAIR"": 4, ""STRAIGHT"": 5, ""TWO_PAIR"": 3}","[""AI-1"", ""AI-1"", ""AI-2"", ""AI-2"", ""AI-2"", ""AI-2"", ""AI-2"", ""AI-2"", ""AI-2"", ""AI-2"", ""AI-2""]"
75,AI-2,9,-16353,"[16, 25, 13, 40, 37, 39, 42, 3]","[""The Protector"", ""Copyright"", ""The Greedy"", ""Rainbow"", ""The Order"", ""Family"", ""Uniform"", ""Abstract""]","[35, 26, 47, 22, 41]","[16, 25, 13, 40, 37, 39, 42, 3]",PAIR,"{""FULL_HOUSE"": 4, ""HIGH_CARD"": 2, ""PAIR"": 13, ""STRAIGHT"": 6, ""TWO_PAIR"": 2}","{""FLUSH"": 2, ""FULL_HOUSE"": 2, ""PAIR"": 6, ""STRAIGHT"": 4, ""THREE_OF_A_KIND"": 1, ""TWO_PAIR"": 12}","{""FULL_HOUSE"": 4, ""HIGH_CARD"": 2, ""PAIR"": 13, ""STRAIGHT"": 6, ""TWO_PAIR"": 2}","[""AI-2"", ""AI-1"", ""AI-1"", ""AI-2"", ""AI-2"", ""AI-2"", ""AI-2"", ""AI-2"", ""AI-2""]"
76,AI-1,11,11436,"[2, 32, 19, 46, 25, 10, 20, 11, 36, 38]","[""Abstract"", ""Shortcut"", ""The Chairman"", ""Copycat"", ""Copyright"", ""The Duo"", ""Scrappy"", ""The Duo"", ""The Order"", ""Family""]","[2, 32, 19, 46, 25, 10, 20, 11, 36, 38]","[47, 30, 35, 43, 33, 40, 14, 28, 39]",FULL_HOUSE,"{""FLUSH"": 1, ""FOUR_OF_A_KIND"": 1, ""FULL_HOUSE"": 9, ""HIGH_CARD"": 2, ""PAIR"": 3, ""STRAIGHT"": 7, ""THREE_OF_A_KIND"": 2, ""TWO_PAIR"": 8}","{""FLUSH"": 1, ""FOUR_OF_A_KIND"": 1, ""FULL_HOUSE"": 9, ""HIGH_CARD"": 2, ""PAIR"": 3, ""STRAIGHT"": 7, ""THREE_OF_A_KIND"": 2, ""TWO_PAIR"": 8}","{""FLUSH"": 23, ""PAIR"": 2, ""STRAIGHT"": 4, ""STRAIGHT_FLUSH"": 2, ""TWO_PAIR"": 2}","[""AI-2"", ""AI-1"", ""AI-2"", ""AI-1"", ""AI-1"", ""AI-2"", ""AI-1"", ""AI-2"", ""AI-1"", ""AI-1"", ""AI-1""]"
77,AI-2,16,-14076,"[7, 41, 38, 23, 22, 2]","[""Odd Todd"", ""Rainbow"", ""Family"", ""Straitjacket"", ""Straitjacket"", ""Abstract""]","[39, 47, 37, 40, 35, 20]","[7, 41, 38, 23, 22, 2]",TWO_PAIR,"{""FLUSH"": 5, ""FULL_HOUSE"": 7, ""HIGH_CARD"": 3, ""PAIR"": 9, ""STRAIGHT"": 6, ""THREE_OF_A_KIND"": 2, ""TWO_PAIR"": 16}","{""FLUSH"": 5, ""FULL_HOUSE"": 2, ""PAIR"": 30, ""STRAIGHT"": 11}","{""FLUSH"": 5, ""FULL_HOUSE"": 7, ""HIGH_CARD"": 3, ""PAIR"": 9, ""STRAIGHT"": 6, ""THREE_OF_A_KIND"": 2, ""TWO_PAIR"": 16}","[""AI-1"", ""AI-1"", ""AI-2"", ""AI-2"", ""AI-2"", ""AI-2"", ""AI-2"", ""AI-2"", ""AI-2"", ""AI-2"", ""AI-2"", ""AI-2"", ""AI-2"", ""AI-2"", ""AI-2"", ""AI-2""]"
78,AI-1,7,10797,"[16, 22, 10, 40, 42, 34, 6, 39]","[""The Protector"", ""Straitjacket"", ""The Duo"", ""Rainbow"", ""Uniform"", ""The Tribe"", ""Odd Todd"", ""Family""]","[16, 22, 10, 40, 42, 34, 6, 39]","[14, 17]",TWO_PAIR,"{""FLUSH"": 2, ""FOUR_OF_A_KIND"": 1, ""FULL_HOUSE"": 4, ""PAIR"": 5, ""STRAIGHT"": 1, ""THREE_OF_A_KIND"": 1, ""TWO_PAIR"": 7}","{""FLUSH"": 2, ""FOUR_OF_A_KIND"": 1, ""FULL_HOUSE"": 4, ""PAIR"": 5, ""STRAIGHT"": 1, ""THREE_OF_A_KIND"": 1, ""TWO_PAIR"": 7}","{""FLUSH"": 7, ""HIGH_CARD"": 3, ""PAIR"": 3, ""STRAIGHT"": 4, ""THREE_OF_A_KIND"": 2, ""TWO_PAIR"": 2}","[""AI-1"", ""AI-1"", ""AI-1"", ""AI-1"", ""AI-1"", ""AI-1"", ""AI-1""]"
79,AI-2,22,-11277,"[42, 38, 34, 41, 31, 43, 16, 37, 10, 18, 45, 39, 46, 14, 41, 21, 39]","[""Uniform"", ""Family"", ""The Tribe"", ""Rainbow"", ""Four Fingers"", ""Uniform"", ""The Protector"", ""The Order"", ""The Duo"", ""The Chairman"", ""Smear"", ""Family"", ""Copycat"", ""The Lover"", ""Rainbow"", ""Scrappy"", ""Family""]","[47, 30, 15, 22, 32, 11, 33, 17, 40, 36, 44, 37, 28, 10, 15, 44, 30, 23]","[42, 38, 34, 41, 31, 43, 16, 37, 10, 18, 45, 39, 46, 14, 41, 21, 39]",FLUSH,"{""FLUSH"": 43, ""FULL_HOUSE"": 1, ""PAIR"": 5, ""STRAIGHT"": 4, ""THREE_OF_A_KIND"": 1, ""TWO_PAIR"": 12}","{""FLUSH"": 15, ""FOUR_OF_A_KIND"": 1, ""FULL_HOUSE"": 11, ""PAIR"": 12, ""STRAIGHT"": 15, ""STRAIGHT_FLUSH"": 6, ""TWO_PAIR"": 6}","{""FLUSH"": 43, ""FULL_HOUSE"": 1, ""PAIR"": 5, ""STRAIGHT"": 4, ""THREE_OF_A_KIND"": 1, ""TWO_PAIR"": 12}","[""AI-1"", ""AI-2"", ""AI-2"", ""AI-1"", ""AI-2"", ""AI-1"", ""AI-1"", ""AI-1"", ""AI-2"", ""AI-2"", ""AI-2"", ""AI-2"", ""AI-2"", ""AI-1"", ""AI-2"", ""AI-2"", ""AI-2"", ""AI-2"", ""AI-2"", ""AI-1"", ""AI-2"", ""AI-2""]"
80,AI-1,8,12169,"[37, 42, 19, 17, 5, 41, 39, 47, 10]","[""The Order"", ""Uniform"", ""The Chairman"", ""The Protector"", ""Even Steven"", ""Rainbow"", ""Family"", ""Copycat"", ""The Duo""]","[37, 42, 19, 17, 5, 41, 39, 47, 10]","[40, 44, 31, 38, 18, 43, 14, 26]",PAIR,"{""FLUSH"": 3, ""FULL_HOUSE"": 1, ""PAIR"": 14, ""STRAIGHT"": 1, ""THREE_OF_A_KIND"": 1, ""TWO_PAIR"": 4}","{""FLUSH"": 3, ""FULL_HOUSE"": 1, ""PAIR"": 14, ""STRAIGHT"": 1, ""THREE_OF_A_KIND"": 1, ""TWO_PAIR"": 4}","{""FLUSH"": 12, ""FULL_HOUSE"": 2, ""HIGH_CARD"": 1, ""PAIR"": 1, ""STRAIGHT"": 1, ""STRAIGHT_FLUSH"": 2, ""THREE_OF_A_KIND"": 3, ""TWO_PAIR"": 2}","[""AI-2"", ""AI-2"", ""AI-2"", ""AI-1"", ""AI-1"", ""AI-1"", ""AI-1"", ""AI-1""]"
81,AI-2,6,-12841,"[25, 20, 2, 21, 13, 24, 41]","[""Copyright"", ""Scrappy"", ""Abstract"", ""Scrappy"", ""The Greedy"", ""Copyright"", ""Rainbow""]","[28, 33, 30]","[25, 20, 2, 21, 13, 24, 41]",TWO_PAIR,"{""FLUSH"": 2, ""FOUR_OF_A_KIND"": 1, ""FULL_HOUSE"": 4, ""PAIR"": 2, ""STRAIGHT"": 2, ""THREE_OF_A_KIND"": 2, ""TWO_PAIR"": 5}","{""FLUSH"": 4, ""FULL_HOUSE"": 1, ""HIGH_CARD"": 3, ""STRAIGHT"": 4, ""STRAIGHT_FLUSH"": 1, ""THREE_OF_A_KIND"": 1, ""TWO_PAIR"": 4}","{""FLUSH"": 2, ""FOUR_OF_A_KIND"": 1, ""FULL_HOUSE"": 4, ""PAIR"": 2, ""STRAIGHT"": 2, ""THREE_OF_A_KIND"": 2, ""TWO_PAIR"": 5}","[""AI-2"", ""AI-2"", ""AI-2"", ""AI-2"", ""AI-2"", ""AI-2""]"
82,AI-1,11,11880,"[30, 20, 28, 43, 45, 47, 35, 24, 46, 19]","[""Four Fingers"", ""Scrappy"", ""Trade Insider"", ""Uniform"", ""Smear"", ""Copycat"", ""The Tribe"", ""Copyright"", ""Copycat"", ""The Chairman""]","[30, 20, 28, 43, 45, 47, 35, 24, 46, 19]","[10, 40, 23, 29]",FLUSH,"{""FLUSH"": 20, ""FULL_HOUSE"": 3, ""PAIR"": 3, ""STRAIGHT"": 1, ""STRAIGHT_FLUSH"": 4, ""TWO_PAIR"": 2}","{""FLUSH"": 20, ""FULL_HOUSE"": 3, ""PAIR"": 3, ""STRAIGHT"": 1, ""STRAIGHT_FLUSH"": 4, ""TWO_PAIR"": 2}","{""FOUR_OF_A_KIND"": 3, ""FULL_HOUSE"": 7, ""PAIR"": 9, ""STRAIGHT"": 3, ""THREE_OF_A_KIND"": 2, ""TWO_PAIR"": 9}","[""AI-1"", ""AI-2"", ""AI-2"", ""AI-2"", ""AI-1"", ""AI-2"", ""AI-1"", ""AI-1"", ""AI-1"", ""AI-1"", ""AI-1""]"
83,AI-2,12,-22617,"[17, 22, 24, 42, 30, 40, 31, 25, 14, 3, 18]","[""The Protector"", ""Straitjacket"", ""Copyright"", ""Uniform"", ""Four Fingers"", ""Rainbow"", ""Four Fingers"", ""Copyright"", ""The Lover"", ""Abstract"", ""The Chairman""]","[12, 11, 13, 35, 34, 8, 32, 33, 38, 10, 46, 21]","[17, 22, 24, 42, 30, 40, 31, 25, 14, 3, 18]",FLUSH,"{""FLUSH"": 16, ""FOUR_OF_A_KIND"": 2, ""FULL_HOUSE"": 2, ""HIGH_CARD"": 2, ""PAIR"": 2, ""STRAIGHT"": 3, ""STRAIGHT_FLUSH"": 1, ""THREE_OF_A_KIND"": 3, ""TWO_PAIR"": 5}","{""FLUSH"": 3, ""FULL_HOUSE"": 4, ""PAIR"": 12, ""STRAIGHT"": 12, ""THREE_OF_A_KIND"": 1, ""TWO_PAIR"": 4}","{""FLUSH"": 16, ""FOUR_OF_A_KIND"": 2, ""FULL_HOUSE"": 2, ""HIGH_CARD"": 2, ""PAIR"": 2, ""STRAIGHT"": 3, ""STRAIGHT_FLUSH"": 1, ""THREE_OF_A_KIND"": 3, ""TWO_PAIR"": 5}","[""AI-1"", ""AI-2"", ""AI-1"", ""AI-2"", ""AI-1"", ""AI-2"", ""AI-1"", ""AI-2"", ""AI-2"", ""AI-1"", ""AI-2"", ""AI-2""]"
84,AI-1,11,10918,"[3, 31, 10, 47, 39, 35, 40, 46, 20]","[""Abstract"", ""Four Fingers"", ""The Duo"", ""Copycat"", ""Family"", ""The Tribe"", ""Rainbow"", ""Copycat"", ""Scrappy""]","[3, 31, 10, 47, 39, 35, 40, 46, 20]","[38, 43, 23, 36, 34]",FLUSH,"{""FLUSH"": 11, ""FULL_HOUSE"": 5, ""HIGH_CARD"": 1, ""PAIR"": 2, ""STRAIGHT"": 6, ""TWO_PAIR"": 8}","{""FLUSH"": 11, ""FULL_HOUSE"": 5, ""HIGH_CARD"": 1, ""PAIR"": 2, ""STRAIGHT"": 6, ""TWO_PAIR"": 8}","{""FLUSH"": 9, ""FOUR_OF_A_KIND"": 1, ""FULL_HOUSE"": 4, ""HIGH_CARD"": 1, ""PAIR"": 6, ""STRAIGHT"": 6, ""STRAIGHT_FLUSH"": 1, ""THREE_OF_A_KIND"": 3, ""TWO_PAIR"": 2}","[""AI-2"", ""AI-2"", ""AI-1"", ""AI-1"", ""AI-1"", ""AI-1"", ""AI-1"", ""AI-1"", ""AI-2"", ""AI-1"", ""AI-1""]"
85,AI-2,13,-141000,"[23, 40, 43, 38, 21, 20, 31, 2, 41, 28]","[""Straitjacket"", ""Rainbow"", ""Uniform"", ""Family"", ""Scrappy"", ""Scrappy"", ""Four Fingers"", ""Abstract"", ""Rainbow"", ""Trade Insider""]","[34, 39, 27, 3, 46, 42, 47, 10, 35, 33, 6]","[23, 40, 43, 38, 21, 20, 31, 2, 41, 28]",TWO_PAIR,"{""FLUSH"": 9, ""FOUR_OF_A_KIND"": 1, ""FULL_HOUSE"": 7, ""PAIR"": 1, ""STRAIGHT"": 6, ""STRAIGHT_FLUSH"": 1, ""THREE_OF_A_KIND"": 4, ""TWO_PAIR"": 10}","{""FLUSH"": 12, ""FULL_HOUSE"": 2, ""PAIR"": 7, ""STRAIGHT"": 5, ""TWO_PAIR"": 13}","{""FLUSH"": 9, ""FOUR_OF_A_KIND"": 1, ""FULL_HOUSE"": 7, ""PAIR"": 1, ""STRAIGHT"": 6, ""STRAIGHT_FLUSH"": 1, ""THREE_OF_A_KIND"": 4, ""TWO_PAIR"": 10}","[""AI-1"", ""AI-2"", ""AI-2"", ""AI-1"", ""AI-2"", ""AI-1"", ""AI-1"", ""AI-1"", ""AI-1"", ""AI-1"", ""AI-2"", ""AI-2"", ""AI-2""]"
86,AI-2,12,-20767,"[39, 18, 26, 45, 37, 22, 30, 42, 32, 41, 23, 40]","[""Family"", ""The Chairman"", ""Tax Man"", ""Smear"", ""The Order"", ""Straitjacket"", ""Four Fingers"", ""Uniform"", ""Shortcut"", ""Rainbow"", ""Straitjacket"", ""Rainbow""]","[4, 11, 2, 35, 20]","[39, 18, 26, 45, 37, 22, 30, 42, 32, 41, 23, 40]",STRAIGHT,"{""FLUSH"": 10, ""FULL_HOUSE"": 2, ""PAIR"": 2, ""STRAIGHT"": 10, ""STRAIGHT_FLUSH"": 3, ""THREE_OF_A_KIND"": 2, ""TWO_PAIR"": 7}","{""FLUSH"": 1, ""FULL_HOUSE"": 7, ""PAIR"": 14, ""STRAIGHT"": 4, ""TWO_PAIR"": 10}","{""FLUSH"": 10, ""FULL_HOUSE"": 2, ""PAIR"": 2, ""STRAIGHT"": 10, ""STRAIGHT_FLUSH"": 3, ""THREE_OF_A_KIND"": 2, ""TWO_PAIR"": 7}","[""AI-2"", ""AI-1"", ""AI-1"", ""AI-1"", ""AI-2"", ""AI-1"", ""AI-2"", ""AI-1"", ""AI-2"", ""AI-2"", ""AI-2"", ""AI-2""]"
87,AI-1,8,10144,"[17, 43, 8, 26, 47, 38, 3, 36, 34, 32]","[""The Protector"", ""Uniform"", ""Black Hole"", ""Tax Man"", ""Copycat"", ""Family"", ""Abstract"", ""The Order"", ""The Tribe"", ""Shortcut""]","[17, 43, 8, 26, 47, 38, 3, 36, 34, 32]","[20, 4, 37, 46, 24, 10, 29, 30, 28]",FLUSH,"{""FLUSH"": 8, ""FULL_HOUSE"": 2, ""PAIR"": 3, ""STRAIGHT"": 5, ""STRAIGHT_FLUSH"": 1, ""TWO_PAIR"": 5}","{""FLUSH"": 8, ""FULL_HOUSE"": 2, ""PAIR"": 3, ""STRAIGHT"": 5, ""STRAIGHT_FLUSH"": 1, ""TWO_PAIR"": 5}","{""FLUSH"": 2, ""FULL_HOUSE"": 2, ""PAIR"": 7, ""STRAIGHT"": 1, ""THREE_OF_A_KIND"": 2, ""TWO_PAIR"": 10}","[""AI-1"", ""AI-2"", ""AI-2"", ""AI-2"", ""AI-1"", ""AI-1"", ""AI-1"", ""AI-1""]"
88,AI-1,12,18615,"[25, 16, 32, 13, 38, 23, 40, 42, 35]","[""Copyright"", ""The Protector"", ""Shortcut"", ""The Greedy"", ""Family"", ""Straitjacket"", ""Rainbow"", ""Uniform"", ""The Tribe""]","[25, 16, 32, 13, 38, 23, 40, 42, 35]","[39, 44, 14, 2, 22, 15, 41]",PAIR,"{""FLUSH"": 3, ""FOUR_OF_A_KIND"": 2, ""FULL_HOUSE"": 2, ""HIGH_CARD"": 1, ""PAIR"": 12, ""STRAIGHT"": 10, ""THREE_OF_A_KIND"": 1, ""TWO_PAIR"": 5}","{""FLUSH"": 3, ""FOUR_OF_A_KIND"": 2, ""FULL_HOUSE"": 2, ""HIGH_CARD"": 1, ""PAIR"": 12, ""STRAIGHT"": 10, ""THREE_OF_A_KIND"": 1, ""TWO_PAIR"": 5}","{""FLUSH"": 12, ""FULL_HOUSE"": 6, ""HIGH_CARD"": 2, ""PAIR"": 2, ""STRAIGHT"": 2, ""THREE_OF_A_KIND"": 2, ""TWO_PAIR"": 10}","[""AI-2"", ""AI-2"", ""AI-1"", ""AI-2"", ""AI-2"", ""AI-2"", ""AI-2"", ""AI-1"", ""AI-2"", ""AI-1"", ""AI-2"", ""AI-1""]"
89,AI-1,9,11806,"[36, 19, 32, 21, 2, 37, 11, 35]","[""The Order"", ""The Chairman"", ""Shortcut"", ""Scrappy"", ""Abstract"", ""The Order"", ""The Duo"", ""The Tribe""]","[36, 19, 32, 21, 2, 37, 11, 35]","[26, 40, 45, 47, 43, 39, 23]",STRAIGHT,"{""FLUSH"": 1, ""FOUR_OF_A_KIND"": 1, ""FULL_HOUSE"": 5, ""HIGH_CARD"": 1, ""PAIR"": 5, ""STRAIGHT"": 11, ""THREE_OF_A_KIND"": 1, ""TWO_PAIR"": 2}","{""FLUSH"": 1, ""FOUR_OF_A_KIND"": 1, ""FULL_HOUSE"": 5, ""HIGH_CARD"": 1, ""PAIR"": 5, ""STRAIGHT"": 11, ""THREE_OF_A_KIND"": 1, ""TWO_PAIR"": 2}","{""FLUSH"": 4, ""FULL_HOUSE"": 2, ""PAIR"": 6, ""STRAIGHT"": 4, ""STRAIGHT_FLUSH"": 1, ""THREE_OF_A_KIND"": 1, ""TWO_PAIR"": 9}","[""AI-1"", ""AI-1"", ""AI-2"", ""AI-1"", ""AI-2"", ""AI-2"", ""AI-2"", ""AI-1"", ""AI-1""]"
90,AI-1,6,11593,"[21, 28, 11, 43, 2, 22, 39, 31]","[""Scrappy"", ""Trade Insider"", ""The Duo"", ""Uniform"", ""Abstract"", ""Straitjacket"", ""Family"", ""Four Fingers""]","[21, 28, 11, 43, 2, 22, 39, 31]","[42, 24]",FLUSH,"{""FLUSH"": 6, ""FOUR_OF_A_KIND"": 1, ""FULL_HOUSE"": 4, ""PAIR"": 1, ""THREE_OF_A_KIND"": 2, ""TWO_PAIR"": 4}","{""FLUSH"": 6, ""FOUR_OF_A_KIND"": 1, ""FULL_HOUSE"": 4, ""PAIR"": 1, ""THREE_OF_A_KIND"": 2, ""TWO_PAIR"": 4}","{""FLUSH"": 4, ""FULL_HOUSE"": 2, ""PAIR"": 10, ""STRAIGHT"": 2}","[""AI-2"", ""AI-1"", ""AI-1"", ""AI-1"", ""AI-1"", ""AI-1""]"
91,AI-2,12,-10022,"[18, 43, 35, 30, 38, 36, 34]","[""The Chairman"", ""Uniform"", ""The Tribe"", ""Four Fingers"", ""Family"", ""The Order"", ""The Tribe""]","[14, 13, 39, 45, 44, 3, 37]","[18, 43, 35, 30, 38, 36, 34]",FLUSH,"{""FLUSH"": 22, ""FULL_HOUSE"": 2, ""HIGH_CARD"": 1, ""PAIR"": 3, ""STRAIGHT"": 2, ""THREE_OF_A_KIND"": 1, ""TWO_PAIR"": 5}","{""FLUSH"": 14, ""FULL_HOUSE"": 4, ""STRAIGHT"": 5, ""TWO_PAIR"": 13}","{""FLUSH"": 22, ""FULL_HOUSE"": 2, ""HIGH_CARD"": 1, ""PAIR"": 3, ""STRAIGHT"": 2, ""THREE_OF_A_KIND"": 1, ""TWO_PAIR"": 5}","[""AI-2"", ""AI-1"", ""AI-1"", ""AI-1"", ""AI-2"", ""AI-2"", ""AI-2"", ""AI-2"", ""AI-2"", ""AI-2"", ""AI-2"", ""AI-2""]"
92,AI-2,12,-12835,"[34, 46, 20, 40, 37, 39, 38, 41]","[""The Tribe"", ""Copycat"", ""Scrappy"", ""Rainbow"", ""The Order"", ""Family"", ""Family"", ""Rainbow""]","[21, 36, 42, 45, 10, 43, 23, 47, 12]","[34, 46, 20, 40, 37, 39, 38, 41]",TWO_PAIR,"{""FLUSH"": 2, ""FULL_HOUSE"": 3, ""PAIR"": 5, ""STRAIGHT"": 7, ""THREE_OF_A_KIND"": 9, ""TWO_PAIR"": 10}","{""FLUSH"": 6, ""FOUR_OF_A_KIND"": 1, ""FULL_HOUSE"": 5, ""PAIR"": 3, ""STRAIGHT"": 3, ""THREE_OF_A_KIND"": 1, ""TWO_PAIR"": 17}","{""FLUSH"": 2, ""FULL_HOUSE"": 3, ""PAIR"": 5, ""STRAIGHT"": 7, ""THREE_OF_A_KIND"": 9, ""TWO_PAIR"": 10}","[""AI-1"", ""AI-2"", ""AI-2"", ""AI-2"", ""AI-2"", ""AI-2"", ""AI-2"", ""AI-2"", ""AI-2"", ""AI-2"", ""AI-2"", ""AI-2""]"
93,AI-2,9,-35828,"[21, 15, 35, 12, 38, 28, 39, 10, 16, 11]","[""Scrappy"", ""The Lover"", ""The Tribe"", ""The Greedy"", ""Family"", ""Trade Insider"", ""Family"", ""The Duo"", ""The Protector"", ""The Duo""]","[46, 25, 29, 14, 37, 43, 42, 24, 30, 17, 20]","[21, 15, 35, 12, 38, 28, 39, 10, 16, 11]",TWO_PAIR,"{""FOUR_OF_A_KIND"": 1, ""FULL_HOUSE"": 3, ""PAIR"": 6, ""STRAIGHT"": 3, ""STRAIGHT_FLUSH"": 1, ""TWO_PAIR"": 13}","{""FLUSH"": 9, ""FULL_HOUSE"": 2, ""PAIR"": 10, ""STRAIGHT"": 5, ""TWO_PAIR"": 1}","{""FOUR_OF_A_KIND"": 1, ""FULL_HOUSE"": 3, ""PAIR"": 6, ""STRAIGHT"": 3, ""STRAIGHT_FLUSH"": 1, ""TWO_PAIR"": 13}","[""AI-1"", ""AI-1"", ""AI-2"", ""AI-1"", ""AI-2"", ""AI-1"", ""AI-2"", ""AI-2"", ""AI-2""]"
94,AI-2,10,-22988,"[24, 46, 40, 23, 41]","[""Copyright"", ""Copycat"", ""Rainbow"", ""Straitjacket"", ""Rainbow""]",[14],"[24, 46, 40, 23, 41]",PAIR,"{""FLUSH"": 6, ""FOUR_OF_A_KIND"": 1, ""FULL_HOUSE"": 6, ""HIGH_CARD"": 2, ""PAIR"": 6, ""STRAIGHT"": 2, ""THREE_OF_A_KIND"": 2, ""TWO_PAIR"": 5}","{""FULL_HOUSE"": 4, ""HIGH_CARD"": 5, ""PAIR"": 6, ""THREE_OF_A_KIND"": 1, ""TWO_PAIR"": 14}","{""FLUSH"": 6, ""FOUR_OF_A_KIND"": 1, ""FULL_HOUSE"": 6, ""HIGH_CARD"": 2, ""PAIR"": 6, ""STRAIGHT"": 2, ""THREE_OF_A_KIND"": 2, ""TWO_PAIR"": 5}","[""AI-2"", ""AI-2"", ""AI-2"", ""AI-2"", ""AI-2"", ""AI-2"", ""AI-2"", ""AI-2"", ""AI-2"", ""AI-2""]"
95,AI-1,8,11008,"[39, 30, 24, 33, 25, 19, 43, 3, 41, 47]","[""Family"", ""Four Fingers"", ""Copyright"", ""Shortcut"", ""Copyright"", ""The Chairman"", ""Uniform"", ""Abstract"", ""Rainbow"", ""Copycat""]","[39, 30, 24, 33, 25, 19, 43, 3, 41, 47]","[21, 44, 29, 12, 11, 23]",FULL_HOUSE,"{""FLUSH"": 8, ""FOUR_OF_A_KIND"": 1, ""FULL_HOUSE"": 8, ""HIGH_CARD"": 1, ""PAIR"": 2, ""STRAIGHT_FLUSH"": 1, ""THREE_OF_A_KIND"": 1, ""TWO_PAIR"": 2}","{""FLUSH"": 8, ""FOUR_OF_A_KIND"": 1, ""FULL_HOUSE"": 8, ""HIGH_CARD"": 1, ""PAIR"": 2, ""STRAIGHT_FLUSH"": 1, ""THREE_OF_A_KIND"": 1, ""TWO_PAIR"": 2}","{""FLUSH"": 4, ""FOUR_OF_A_KIND"": 1, ""FULL_HOUSE"": 3, ""HIGH_CARD"": 1, ""PAIR"": 8, ""STRAIGHT"": 2, ""STRAIGHT_FLUSH"": 1, ""TWO_PAIR"": 4}","[""AI-1"", ""AI-2"", ""AI-1"", ""AI-1"", ""AI-1"", ""AI-1"", ""AI-1"", ""AI-1""]"
96,AI-1,10,10020,"[10, 35, 32, 21, 45, 25, 2, 38, 42]","[""The Duo"", ""The Tribe"", ""Shortcut"", ""Scrappy"", ""Smear"", ""Copyright"", ""Abstract"", ""Family"", ""Uniform""]","[10, 35, 32, 21, 45, 25, 2, 38, 42]","[39, 44, 23, 11, 47]",FLUSH,"{""FLUSH"": 11, ""FOUR_OF_A_KIND"": 1, ""FULL_HOUSE"": 1, ""PAIR"": 5, ""STRAIGHT"": 4, ""STRAIGHT_FLUSH"": 1, ""TWO_PAIR"": 7}","{""FLUSH"": 11, ""FOUR_OF_A_KIND"": 1, ""FULL_HOUSE"": 1, ""PAIR"": 5, ""STRAIGHT"": 4, ""STRAIGHT_FLUSH"": 1, ""TWO_PAIR"": 7}","{""FLUSH"": 6, ""FOUR_OF_A_KIND"": 1, ""FULL_HOUSE"": 3, ""HIGH_CARD"": 1, ""PAIR"": 4, ""STRAIGHT"": 2, ""STRAIGHT_FLUSH"": 2, ""TWO_PAIR"": 11}","[""AI-2"", ""AI-1"", ""AI-1"", ""AI-2"", ""AI-1"", ""AI-1"", ""AI-1"", ""AI-1"", ""AI-1"", ""AI-1""]"
97,AI-2,8,-12848,"[43, 37, 14, 3, 40, 25, 35]","[""Uniform"", ""The Order"", ""The Lover"", ""Abstract"", ""Rainbow"", ""Copyright"", ""The Tribe""]","[39, 44, 28, 38, 33, 31, 18]","[43, 37, 14, 3, 40, 25, 35]",TWO_PAIR,"{""FLUSH"": 5, ""FULL_HOUSE"": 3, ""HIGH_CARD"": 2, ""PAIR"": 2, ""STRAIGHT"": 4, ""THREE_OF_A_KIND"": 2, ""TWO_PAIR"": 6}","{""FLUSH"": 11, ""FULL_HOUSE"": 4, ""PAIR"": 4, ""STRAIGHT"": 2, ""STRAIGHT_FLUSH"": 2, ""TWO_PAIR"": 1}","{""FLUSH"": 5, ""FULL_HOUSE"": 3, ""HIGH_CARD"": 2, ""PAIR"": 2, ""STRAIGHT"": 4, ""THREE_OF_A_KIND"": 2, ""TWO_PAIR"": 6}","[""AI-1"", ""AI-1"", ""AI-1"", ""AI-2"", ""AI-2"", ""AI-2"", ""AI-2"", ""AI-2""]"
98,AI-1,6,14535,"[41, 45, 23, 10, 37, 2, 35]","[""Rainbow"", ""Smear"", ""Straitjacket"", ""The Duo"", ""The Order"", ""Abstract"", ""The Tribe""]","[41, 45, 23, 10, 37, 2, 35]","[22, 16, 31, 21]",TWO_PAIR,"{""FLUSH"": 1, ""FOUR_OF_A_KIND"": 1, ""FULL_HOUSE"": 2, ""HIGH_CARD"": 1, ""PAIR"": 3, ""STRAIGHT"": 4, ""THREE_OF_A_KIND"": 1, ""TWO_PAIR"": 5}","{""FLUSH"": 1, ""FOUR_OF_A_KIND"": 1, ""FULL_HOUSE"": 2, ""HIGH_CARD"": 1, ""PAIR"": 3, ""STRAIGHT"": 4, ""THREE_OF_A_KIND"": 1, ""TWO_PAIR"": 5}","{""FLUSH"": 3, ""FULL_HOUSE"": 2, ""PAIR"": 3, ""STRAIGHT"": 6, ""STRAIGHT_FLUSH"": 1, ""TWO_PAIR"": 3}","[""AI-2"", ""AI-2"", ""AI-1"", ""AI-2"", ""AI-1"", ""AI-1""]"
99,AI-2,14,-20863,"[29, 2, 45, 19, 36, 26, 22, 31, 35, 38, 41]","[""Trade Insider"", ""Abstract"", ""Smear"", ""The Chairman"", ""The Order"", ""Tax Man"", ""Straitjacket"", ""Four Fingers"", ""The Tribe"", ""Family"", ""Rainbow""]","[39, 12, 42, 3, 34, 20, 28]","[29, 2, 45, 19, 36, 26, 22, 31, 35, 38, 41]",FLUSH,"{""FLUSH"": 21, ""FULL_HOUSE"": 3, ""HIGH_CARD"": 2, ""PAIR"": 7, ""STRAIGHT"": 3, ""STRAIGHT_FLUSH"": 1, ""THREE_OF_A_KIND"": 1, ""TWO_PAIR"": 4}","{""FLUSH"": 16, ""FULL_HOUSE"": 4, ""HIGH_CARD"": 5, ""PAIR"": 2, ""STRAIGHT"": 4, ""THREE_OF_A_KIND"": 2, ""TWO_PAIR"": 9}","{""FLUSH"": 21, ""FULL_HOUSE"": 3, ""HIGH_CARD"": 2, ""PAIR"": 7, ""STRAIGHT"": 3, ""STRAIGHT_FLUSH"": 1, ""THREE_OF_A_KIND"": 1, ""TWO_PAIR"": 4}","[""AI-1"", ""AI-2"", ""AI-1"", ""AI-1"", ""AI-1"", ""AI-1"", ""AI-1"", ""AI-2"", ""AI-2"", ""AI-2"", ""AI-2"", ""AI-2"", ""AI-2"", ""AI-2""]"
